timestamp,label,probability,flow_duration,Header_Length,Protocol Type,Duration,Rate,Srate,Drate,fin_flag_number,syn_flag_number,rst_flag_number,psh_flag_number,ack_flag_number,ece_flag_number,cwr_flag_number,ack_count,syn_count,fin_count,urg_count,rst_count,HTTP,HTTPS,DNS,Telnet,SMTP,SSH,IRC,TCP,UDP,DHCP,ARP,ICMP,IPv,LLC,Tot sum,Min,Max,AVG,Std,Tot size,IAT,Number,Magnitue,Radius,Covariance,Variance,Weight,urg_flag_number
2025-05-18T06:14:22.299749,1,0.9997740387916565,0.002038717269897461,0,17,0.002038717269897461,49050.45023973804,49050.45023973804,0,0,0,0,0,0,0,0,0,0,0,0,0,0,0,0,0,0,0,0,0,1,0,0,0,1,1,6000,60,60,60.0,0.0,6000,2.059310373633799e-05,100,10.0,0.0,0,0.0,38.5,0
2025-05-18T06:14:23.078324,1,0.9997816681861877,0.2641453742980957,0,17,0.2641453742980957,378.5794101665665,378.5794101665665,0,0,0,0,0,0,0,0,0,0,0,0,0,0,0,0,0,0,0,0,0,1,0,0,0,1,1,6000,60,60,60.0,0.0,6000,0.0026681350939201584,100,10.0,0.0,0,0.0,38.5,0
2025-05-18T06:14:23.164213,1,0.9999091625213623,2.1444742679595947,0,17,2.1444742679595947,46.631475832604465,46.631475832604465,0,0,0,0,0,0,0,0,0,0,0,0,0,0,0,0,0,0,0,0,0,1,0,0,0,1,1,6000,60,60,60.0,0.0,6000,0.021661356242016108,100,10.0,0.0,0,0.0,38.5,0
2025-05-18T06:14:23.259915,1,0.999805748462677,0.5139799118041992,0,17,0.5139799118041992,194.56013300009093,194.56013300009093,0,0,0,0,0,0,0,0,0,0,0,0,0,0,0,0,0,0,0,0,0,1,0,0,0,1,1,6000,60,60,60.0,0.0,6000,0.005191716280850497,100,10.0,0.0,0,0.0,38.5,0
2025-05-18T06:14:23.340680,1,0.9997766613960266,0.08635759353637695,0,17,0.08635759353637695,1157.9757599182794,1157.9757599182794,0,0,0,0,0,0,0,0,0,0,0,0,0,0,0,0,0,0,0,0,0,1,0,0,0,1,1,6000,60,60,60.0,0.0,6000,0.0008722989246098682,100,10.0,0.0,0,0.0,38.5,0
2025-05-18T06:14:23.450931,1,0.9997768998146057,0.09423613548278809,0,17,0.09423613548278809,1061.1640586456845,1061.1640586456845,0,0,0,0,0,0,0,0,0,0,0,0,0,0,0,0,0,0,0,0,0,1,0,0,0,1,1,6000,60,60,60.0,0.0,6000,0.0009518801563917988,100,10.0,0.0,0,0.0,38.5,0
2025-05-18T06:14:23.540749,1,0.9997767806053162,0.09112691879272461,0,17,0.09112691879272461,1097.370582971843,1097.370582971843,0,0,0,0,0,0,0,0,0,0,0,0,0,0,0,0,0,0,0,0,0,1,0,0,0,1,1,6000,60,60,60.0,0.0,6000,0.0009204739271992385,100,10.0,0.0,0,0.0,38.5,0
2025-05-18T06:14:23.624200,1,0.9997771382331848,0.10131430625915527,0,17,0.10131430625915527,987.0274366209115,987.0274366209115,0,0,0,0,0,0,0,0,0,0,0,0,0,0,0,0,0,0,0,0,0,1,0,0,0,1,1,6000,60,60,60.0,0.0,6000,0.0010233768309005583,100,10.0,0.0,0,0.0,38.5,0
2025-05-18T06:14:23.704151,1,0.9997766613960266,0.0879218578338623,0,17,0.0879218578338623,1137.373600418688,1137.373600418688,0,0,0,0,0,0,0,0,0,0,0,0,0,0,0,0,0,0,0,0,0,1,0,0,0,1,1,6000,60,60,60.0,0.0,6000,0.0008880995740794172,100,10.0,0.0,0,0.0,38.5,0
2025-05-18T06:14:23.780841,1,0.9997765421867371,0.08141970634460449,0,17,0.08141970634460449,1228.2038893232484,1228.2038893232484,0,0,0,0,0,0,0,0,0,0,0,0,0,0,0,0,0,0,0,0,0,1,0,0,0,1,1,6000,60,60,60.0,0.0,6000,0.0008224212762081262,100,10.0,0.0,0,0.0,38.5,0
2025-05-18T06:14:23.857818,1,0.9997764229774475,0.08035874366760254,0,17,0.08035874366760254,1244.4196541155736,1244.4196541155736,0,0,0,0,0,0,0,0,0,0,0,0,0,0,0,0,0,0,0,0,0,1,0,0,0,1,1,6000,60,60,60.0,0.0,6000,0.0008117044814909347,100,10.0,0.0,0,0.0,38.5,0
2025-05-18T06:14:23.939207,1,0.9997764229774475,0.07755470275878906,0,17,0.07755470275878906,1289.4124591131551,1289.4124591131551,0,0,0,0,0,0,0,0,0,0,0,0,0,0,0,0,0,0,0,0,0,1,0,0,0,1,1,6000,60,60,60.0,0.0,6000,0.0007833808359473643,100,10.0,0.0,0,0.0,38.5,0
2025-05-18T06:14:24.015912,1,0.999776303768158,0.07664322853088379,0,17,0.07664322853088379,1304.7467064843763,1304.7467064843763,0,0,0,0,0,0,0,0,0,0,0,0,0,0,0,0,0,0,0,0,0,1,0,0,0,1,1,6000,60,60,60.0,0.0,6000,0.0007741740255644827,100,10.0,0.0,0,0.0,38.5,0
2025-05-18T06:14:24.096714,1,0.9997765421867371,0.08194541931152344,0,17,0.08194541931152344,1220.32446523753,1220.32446523753,0,0,0,0,0,0,0,0,0,0,0,0,0,0,0,0,0,0,0,0,0,1,0,0,0,1,1,6000,60,60,60.0,0.0,6000,0.0008277315081972065,100,10.0,0.0,0,0.0,38.5,0
2025-05-18T06:14:24.188049,1,0.999776303768158,0.07624268531799316,0,17,0.07624268531799316,1311.6012320778023,1311.6012320778023,0,0,0,0,0,0,0,0,0,0,0,0,0,0,0,0,0,0,0,0,0,1,0,0,0,1,1,6000,60,60,60.0,0.0,6000,0.0007701281345251834,100,10.0,0.0,0,0.0,38.5,0
2025-05-18T06:14:24.266240,1,0.9997765421867371,0.08115720748901367,0,17,0.08115720748901367,1232.1764522705773,1232.1764522705773,0,0,0,0,0,0,0,0,0,0,0,0,0,0,0,0,0,0,0,0,0,1,0,0,0,1,1,6000,60,60,60.0,0.0,6000,0.0008197697726162997,100,10.0,0.0,0,0.0,38.5,0
2025-05-18T06:14:24.347322,1,0.9997767806053162,0.09064793586730957,0,17,0.09064793586730957,1103.1690798385082,1103.1690798385082,0,0,0,0,0,0,0,0,0,0,0,0,0,0,0,0,0,0,0,0,0,1,0,0,0,1,1,6000,60,60,60.0,0.0,6000,0.0009156357158314098,100,10.0,0.0,0,0.0,38.5,0
2025-05-18T06:14:24.429822,1,0.9997764229774475,0.07744407653808594,0,17,0.07744407653808594,1291.2543408122554,1291.2543408122554,0,0,0,0,0,0,0,0,0,0,0,0,0,0,0,0,0,0,0,0,0,1,0,0,0,1,1,6000,60,60,60.0,0.0,6000,0.0007822633993746054,100,10.0,0.0,0,0.0,38.5,0
2025-05-18T06:14:24.513128,1,0.9997765421867371,0.08340883255004883,0,17,0.08340883255004883,1198.9137953704815,1198.9137953704815,0,0,0,0,0,0,0,0,0,0,0,0,0,0,0,0,0,0,0,0,0,1,0,0,0,1,1,6000,60,60,60.0,0.0,6000,0.0008425134601015034,100,10.0,0.0,0,0.0,38.5,0
2025-05-18T06:14:24.607213,1,0.9997764229774475,0.08043980598449707,0,17,0.08043980598449707,1243.1656040949765,1243.1656040949765,0,0,0,0,0,0,0,0,0,0,0,0,0,0,0,0,0,0,0,0,0,1,0,0,0,1,1,6000,60,60,60.0,0.0,6000,0.0008125232927726977,100,10.0,0.0,0,0.0,38.5,0
2025-05-18T06:14:24.693728,1,0.9997765421867371,0.08219385147094727,0,17,0.08219385147094727,1216.636016081405,1216.636016081405,0,0,0,0,0,0,0,0,0,0,0,0,0,0,0,0,0,0,0,0,0,1,0,0,0,1,1,6000,60,60,60.0,0.0,6000,0.0008302409239489623,100,10.0,0.0,0,0.0,38.5,0
2025-05-18T06:14:24.778549,1,0.9997768998146057,0.09486055374145508,0,17,0.09486055374145508,1054.1789611786646,1054.1789611786646,0,0,0,0,0,0,0,0,0,0,0,0,0,0,0,0,0,0,0,0,0,1,0,0,0,1,1,6000,60,60,60.0,0.0,6000,0.0009581874115298493,100,10.0,0.0,0,0.0,38.5,0
2025-05-18T06:14:24.860357,1,0.9997766613960266,0.08550453186035156,0,17,0.08550453186035156,1169.5286533270873,1169.5286533270873,0,0,0,0,0,0,0,0,0,0,0,0,0,0,0,0,0,0,0,0,0,1,0,0,0,1,1,6000,60,60,60.0,0.0,6000,0.0008636821400035511,100,10.0,0.0,0,0.0,38.5,0
2025-05-18T06:14:24.938796,1,0.9997765421867371,0.08464908599853516,0,17,0.08464908599853516,1181.3476639515102,1181.3476639515102,0,0,0,0,0,0,0,0,0,0,0,0,0,0,0,0,0,0,0,0,0,1,0,0,0,1,1,6000,60,60,60.0,0.0,6000,0.0008550412727124764,100,10.0,0.0,0,0.0,38.5,0
2025-05-18T06:14:25.019272,1,0.9997765421867371,0.08195996284484863,0,17,0.08195996284484863,1220.1079225633791,1220.1079225633791,0,0,0,0,0,0,0,0,0,0,0,0,0,0,0,0,0,0,0,0,0,1,0,0,0,1,1,6000,60,60,60.0,0.0,6000,0.0008278784125742286,100,10.0,0.0,0,0.0,38.5,0
2025-05-18T06:14:25.101595,1,0.9997764229774475,0.08012270927429199,0,17,0.08012270927429199,1248.0856040159615,1248.0856040159615,0,0,0,0,0,0,0,0,0,0,0,0,0,0,0,0,0,0,0,0,0,1,0,0,0,1,1,6000,60,60,60.0,0.0,6000,0.0008093202956999191,100,10.0,0.0,0,0.0,38.5,0
2025-05-18T06:14:25.175578,1,0.9997764229774475,0.07871317863464355,0,17,0.07871317863464355,1270.4352909461543,1270.4352909461543,0,0,0,0,0,0,0,0,0,0,0,0,0,0,0,0,0,0,0,0,0,1,0,0,0,1,1,6000,60,60,60.0,0.0,6000,0.0007950826124711471,100,10.0,0.0,0,0.0,38.5,0
2025-05-18T06:14:25.275645,1,0.9997765421867371,0.08090949058532715,0,17,0.08090949058532715,1235.9489508160973,1235.9489508160973,0,0,0,0,0,0,0,0,0,0,0,0,0,0,0,0,0,0,0,0,0,1,0,0,0,1,1,6000,60,60,60.0,0.0,6000,0.0008172675816699712,100,10.0,0.0,0,0.0,38.5,0
2025-05-18T06:14:25.352745,1,0.999776303768158,0.07409310340881348,0,17,0.07409310340881348,1349.6532794455045,1349.6532794455045,0,0,0,0,0,0,0,0,0,0,0,0,0,0,0,0,0,0,0,0,0,1,0,0,0,1,1,6000,60,60,60.0,0.0,6000,0.0007484151859476108,100,10.0,0.0,0,0.0,38.5,0
2025-05-18T06:14:25.470193,1,0.9997770190238953,0.10019063949584961,0,17,0.10019063949584961,998.0972324679342,998.0972324679342,0,0,0,0,0,0,0,0,0,0,0,0,0,0,0,0,0,0,0,0,0,1,0,0,0,1,1,6000,60,60,60.0,0.0,6000,0.0010120266615742384,100,10.0,0.0,0,0.0,38.5,0
2025-05-18T06:14:25.558627,1,0.9997764229774475,0.07697010040283203,0,17,0.07697010040283203,1299.205788697667,1299.205788697667,0,0,0,0,0,0,0,0,0,0,0,0,0,0,0,0,0,0,0,0,0,1,0,0,0,1,1,6000,60,60,60.0,0.0,6000,0.000777475761644768,100,10.0,0.0,0,0.0,38.5,0
2025-05-18T06:14:25.646825,1,0.999777615070343,0.11925792694091797,0,17,0.11925792694091797,838.5186843767743,838.5186843767743,0,0,0,0,0,0,0,0,0,0,0,0,0,0,0,0,0,0,0,0,0,1,0,0,0,1,1,6000,60,60,60.0,0.0,6000,0.001204625524655737,100,10.0,0.0,0,0.0,38.5,0
2025-05-18T06:14:25.732563,1,0.9997766613960266,0.08692121505737305,0,17,0.08692121505737305,1150.467120529714,1150.467120529714,0,0,0,0,0,0,0,0,0,0,0,0,0,0,0,0,0,0,0,0,0,1,0,0,0,1,1,6000,60,60,60.0,0.0,6000,0.0008779920712865964,100,10.0,0.0,0,0.0,38.5,0
2025-05-18T06:14:25.820789,1,0.9997767806053162,0.08977603912353516,0,17,0.08977603912353516,1113.8829578167988,1113.8829578167988,0,0,0,0,0,0,0,0,0,0,0,0,0,0,0,0,0,0,0,0,0,1,0,0,0,1,1,6000,60,60,60.0,0.0,6000,0.0009068286780155066,100,10.0,0.0,0,0.0,38.5,0
2025-05-18T06:14:25.895480,1,0.9997766613960266,0.08507776260375977,0,17,0.08507776260375977,1175.3952729779567,1175.3952729779567,0,0,0,0,0,0,0,0,0,0,0,0,0,0,0,0,0,0,0,0,0,1,0,0,0,1,1,6000,60,60,60.0,0.0,6000,0.0008593713394319169,100,10.0,0.0,0,0.0,38.5,0
2025-05-18T06:14:25.975545,1,0.9997766613960266,0.08757686614990234,0,17,0.08757686614990234,1141.854057997844,1141.854057997844,0,0,0,0,0,0,0,0,0,0,0,0,0,0,0,0,0,0,0,0,0,1,0,0,0,1,1,6000,60,60,60.0,0.0,6000,0.0008846148095949731,100,10.0,0.0,0,0.0,38.5,0
2025-05-18T06:14:26.054015,1,0.999776303768158,0.0734090805053711,0,17,0.0734090805053711,1362.2292952257226,1362.2292952257226,0,0,0,0,0,0,0,0,0,0,0,0,0,0,0,0,0,0,0,0,0,1,0,0,0,1,1,6000,60,60,60.0,0.0,6000,0.0007415058636906171,100,10.0,0.0,0,0.0,38.5,0
2025-05-18T06:14:26.137435,1,0.9997764229774475,0.0803074836730957,0,17,0.0803074836730957,1245.2139629609837,1245.2139629609837,0,0,0,0,0,0,0,0,0,0,0,0,0,0,0,0,0,0,0,0,0,1,0,0,0,1,1,6000,60,60,60.0,0.0,6000,0.0008111867037686435,100,10.0,0.0,0,0.0,38.5,0
2025-05-18T06:14:26.212730,1,0.9997764229774475,0.07787370681762695,0,17,0.07787370681762695,1284.1304733854622,1284.1304733854622,0,0,0,0,0,0,0,0,0,0,0,0,0,0,0,0,0,0,0,0,0,1,0,0,0,1,1,6000,60,60,60.0,0.0,6000,0.000786603099167949,100,10.0,0.0,0,0.0,38.5,0
2025-05-18T06:14:26.292145,1,0.9997765421867371,0.08231186866760254,0,17,0.08231186866760254,1214.8916264290742,1214.8916264290742,0,0,0,0,0,0,0,0,0,0,0,0,0,0,0,0,0,0,0,0,0,1,0,0,0,1,1,6000,60,60,60.0,0.0,6000,0.0008314330168444701,100,10.0,0.0,0,0.0,38.5,0
2025-05-18T06:14:26.367274,1,0.999776303768158,0.07519888877868652,0,17,0.07519888877868652,1329.8068844382021,1329.8068844382021,0,0,0,0,0,0,0,0,0,0,0,0,0,0,0,0,0,0,0,0,0,1,0,0,0,1,1,6000,60,60,60.0,0.0,6000,0.0007595847351382477,100,10.0,0.0,0,0.0,38.5,0
2025-05-18T06:14:26.444666,1,0.9997764229774475,0.07958865165710449,0,17,0.07958865165710449,1256.4605369975945,1256.4605369975945,0,0,0,0,0,0,0,0,0,0,0,0,0,0,0,0,0,0,0,0,0,1,0,0,0,1,1,6000,60,60,60.0,0.0,6000,0.0008039257743141868,100,10.0,0.0,0,0.0,38.5,0
2025-05-18T06:14:26.521181,1,0.999776303768158,0.07517099380493164,0,17,0.07517099380493164,1330.300358400203,1330.300358400203,0,0,0,0,0,0,0,0,0,0,0,0,0,0,0,0,0,0,0,0,0,1,0,0,0,1,1,6000,60,60,60.0,0.0,6000,0.0007593029677265822,100,10.0,0.0,0,0.0,38.5,0
2025-05-18T06:14:26.605647,1,0.9997764229774475,0.0772542953491211,0,17,0.0772542953491211,1294.4264075944054,1294.4264075944054,0,0,0,0,0,0,0,0,0,0,0,0,0,0,0,0,0,0,0,0,0,1,0,0,0,1,1,6000,60,60,60.0,0.0,6000,0.0007803464176678899,100,10.0,0.0,0,0.0,38.5,0
2025-05-18T06:14:26.680647,1,0.999776303768158,0.07619976997375488,0,17,0.07619976997375488,1312.3399195882416,1312.3399195882416,0,0,0,0,0,0,0,0,0,0,0,0,0,0,0,0,0,0,0,0,0,1,0,0,0,1,1,6000,60,60,60.0,0.0,6000,0.0007696946461995443,100,10.0,0.0,0,0.0,38.5,0
2025-05-18T06:14:26.754222,1,0.9997766613960266,0.085205078125,0,17,0.085205078125,1173.6389684813753,1173.6389684813753,0,0,0,0,0,0,0,0,0,0,0,0,0,0,0,0,0,0,0,0,0,1,0,0,0,1,1,6000,60,60,60.0,0.0,6000,0.0008606573547979798,100,10.0,0.0,0,0.0,38.5,0
2025-05-18T06:14:26.828513,1,0.999776303768158,0.07359623908996582,0,17,0.07359623908996582,1358.7650841472698,1358.7650841472698,0,0,0,0,0,0,0,0,0,0,0,0,0,0,0,0,0,0,0,0,0,1,0,0,0,1,1,6000,60,60,60.0,0.0,6000,0.0007433963544440992,100,10.0,0.0,0,0.0,38.5,0
2025-05-18T06:14:26.903394,1,0.999776303768158,0.07425594329833984,0,17,0.07425594329833984,1346.6935514942913,1346.6935514942913,0,0,0,0,0,0,0,0,0,0,0,0,0,0,0,0,0,0,0,0,0,1,0,0,0,1,1,6000,60,60,60.0,0.0,6000,0.0007500600333165641,100,10.0,0.0,0,0.0,38.5,0
2025-05-18T06:14:26.980439,1,0.999776303768158,0.07420015335083008,0,17,0.07420015335083008,1347.7061095437925,1347.7061095437925,0,0,0,0,0,0,0,0,0,0,0,0,0,0,0,0,0,0,0,0,0,1,0,0,0,1,1,6000,60,60,60.0,0.0,6000,0.0007494964984932331,100,10.0,0.0,0,0.0,38.5,0
2025-05-18T06:14:27.062292,1,0.999776303768158,0.07443404197692871,0,17,0.07443404197692871,1343.4713115673017,1343.4713115673017,0,0,0,0,0,0,0,0,0,0,0,0,0,0,0,0,0,0,0,0,0,1,0,0,0,1,1,6000,60,60,60.0,0.0,6000,0.0007518590098679668,100,10.0,0.0,0,0.0,38.5,0
2025-05-18T06:14:27.140302,1,0.999776303768158,0.07643485069274902,0,17,0.07643485069274902,1308.3037265550188,1308.3037265550188,0,0,0,0,0,0,0,0,0,0,0,0,0,0,0,0,0,0,0,0,0,1,0,0,0,1,1,6000,60,60,60.0,0.0,6000,0.0007720691989166568,100,10.0,0.0,0,0.0,38.5,0
2025-05-18T06:14:27.219045,1,0.9997765421867371,0.08251357078552246,0,17,0.08251357078552246,1211.9218577987615,1211.9218577987615,0,0,0,0,0,0,0,0,0,0,0,0,0,0,0,0,0,0,0,0,0,1,0,0,0,1,1,6000,60,60,60.0,0.0,6000,0.0008334704119749743,100,10.0,0.0,0,0.0,38.5,0
2025-05-18T06:14:27.296381,1,0.9997764229774475,0.07719588279724121,0,17,0.07719588279724121,1295.4058736870065,1295.4058736870065,0,0,0,0,0,0,0,0,0,0,0,0,0,0,0,0,0,0,0,0,0,1,0,0,0,1,1,6000,60,60,60.0,0.0,6000,0.0007797563918913253,100,10.0,0.0,0,0.0,38.5,0
2025-05-18T06:14:27.387185,1,0.9997764229774475,0.07805871963500977,0,17,0.07805871963500977,1281.086859579355,1281.086859579355,0,0,0,0,0,0,0,0,0,0,0,0,0,0,0,0,0,0,0,0,0,1,0,0,0,1,1,6000,60,60,60.0,0.0,6000,0.0007884719155051491,100,10.0,0.0,0,0.0,38.5,0
2025-05-18T06:14:27.463452,1,0.9997764229774475,0.0781714916229248,0,17,0.0781714916229248,1279.2387342737325,1279.2387342737325,0,0,0,0,0,0,0,0,0,0,0,0,0,0,0,0,0,0,0,0,0,1,0,0,0,1,1,6000,60,60,60.0,0.0,6000,0.0007896110264941899,100,10.0,0.0,0,0.0,38.5,0
2025-05-18T06:14:27.556103,1,0.9997767806053162,0.08990693092346191,0,17,0.08990693092346191,1112.261301468853,1112.261301468853,0,0,0,0,0,0,0,0,0,0,0,0,0,0,0,0,0,0,0,0,0,1,0,0,0,1,1,6000,60,60,60.0,0.0,6000,0.0009081508174087062,100,10.0,0.0,0,0.0,38.5,0
2025-05-18T06:14:27.633907,1,0.9997764229774475,0.07682371139526367,0,17,0.07682371139526367,1301.6814494354824,1301.6814494354824,0,0,0,0,0,0,0,0,0,0,0,0,0,0,0,0,0,0,0,0,0,1,0,0,0,1,1,6000,60,60,60.0,0.0,6000,0.0007759970848006431,100,10.0,0.0,0,0.0,38.5,0
2025-05-18T06:14:27.721035,1,0.9997767806053162,0.09246182441711426,0,17,0.09246182441711426,1081.5274371926675,1081.5274371926675,0,0,0,0,0,0,0,0,0,0,0,0,0,0,0,0,0,0,0,0,0,1,0,0,0,1,1,6000,60,60,60.0,0.0,6000,0.0009339578223950936,100,10.0,0.0,0,0.0,38.5,0
2025-05-18T06:14:27.803831,1,0.9997764229774475,0.07700634002685547,0,17,0.07700634002685547,1298.5943750232207,1298.5943750232207,0,0,0,0,0,0,0,0,0,0,0,0,0,0,0,0,0,0,0,0,0,1,0,0,0,1,1,6000,60,60,60.0,0.0,6000,0.0007778418184530855,100,10.0,0.0,0,0.0,38.5,0
2025-05-18T06:14:27.898479,1,0.9997766613960266,0.08781719207763672,0,17,0.08781719207763672,1138.7291899699185,1138.7291899699185,0,0,0,0,0,0,0,0,0,0,0,0,0,0,0,0,0,0,0,0,0,1,0,0,0,1,1,6000,60,60,60.0,0.0,6000,0.0008870423442185527,100,10.0,0.0,0,0.0,38.5,0
2025-05-18T06:14:28.245453,1,0.9997765421867371,0.08217000961303711,0,17,0.08217000961303711,1216.9890264213134,1216.9890264213134,0,0,0,0,0,0,0,0,0,0,0,0,0,0,0,0,0,0,0,0,0,1,0,0,0,1,1,6000,60,60,60.0,0.0,6000,0.000830000097101385,100,10.0,0.0,0,0.0,38.5,0
2025-05-18T06:14:28.328905,1,0.9997842907905579,0.3659517765045166,0,17,0.3659517765045166,273.2600479636305,273.2600479636305,0,0,0,0,0,0,0,0,0,0,0,0,0,0,0,0,0,0,0,0,0,1,0,0,0,1,1,6000,60,60,60.0,0.0,6000,0.003696482590954713,100,10.0,0.0,0,0.0,38.5,0
2025-05-18T06:14:28.408150,1,0.999776303768158,0.07634377479553223,0,17,0.07634377479553223,1309.864494751865,1309.864494751865,0,0,0,0,0,0,0,0,0,0,0,0,0,0,0,0,0,0,0,0,0,1,0,0,0,1,1,6000,60,60,60.0,0.0,6000,0.0007711492403589114,100,10.0,0.0,0,0.0,38.5,0
2025-05-18T06:14:28.484462,1,0.9997765421867371,0.08233857154846191,0,17,0.08233857154846191,1214.497629961228,1214.497629961228,0,0,0,0,0,0,0,0,0,0,0,0,0,0,0,0,0,0,0,0,0,1,0,0,0,1,1,6000,60,60,60.0,0.0,6000,0.0008317027429137567,100,10.0,0.0,0,0.0,38.5,0
2025-05-18T06:14:28.560865,1,0.9997764229774475,0.07920265197753906,0,17,0.07920265197753906,1262.583985550873,1262.583985550873,0,0,0,0,0,0,0,0,0,0,0,0,0,0,0,0,0,0,0,0,0,1,0,0,0,1,1,6000,60,60,60.0,0.0,6000,0.0008000267876519097,100,10.0,0.0,0,0.0,38.5,0
2025-05-18T06:14:28.644573,1,0.999776303768158,0.07532119750976562,0,17,0.07532119750976562,1327.6475056976449,1327.6475056976449,0,0,0,0,0,0,0,0,0,0,0,0,0,0,0,0,0,0,0,0,0,1,0,0,0,1,1,6000,60,60,60.0,0.0,6000,0.0007608201768663195,100,10.0,0.0,0,0.0,38.5,0
2025-05-18T06:14:28.726735,1,0.9997764229774475,0.07961845397949219,0,17,0.07961845397949219,1255.99022590614,1255.99022590614,0,0,0,0,0,0,0,0,0,0,0,0,0,0,0,0,0,0,0,0,0,1,0,0,0,1,1,6000,60,60,60.0,0.0,6000,0.0008042268078736585,100,10.0,0.0,0,0.0,38.5,0
2025-05-18T06:14:28.811580,1,0.9997764229774475,0.08002471923828125,0,17,0.08002471923828125,1249.6138812088855,1249.6138812088855,0,0,0,0,0,0,0,0,0,0,0,0,0,0,0,0,0,0,0,0,0,1,0,0,0,1,1,6000,60,60,60.0,0.0,6000,0.0008083304973563763,100,10.0,0.0,0,0.0,38.5,0
2025-05-18T06:14:28.903088,1,0.9997765421867371,0.08307528495788574,0,17,0.08307528495788574,1203.7274389211434,1203.7274389211434,0,0,0,0,0,0,0,0,0,0,0,0,0,0,0,0,0,0,0,0,0,1,0,0,0,1,1,6000,60,60,60.0,0.0,6000,0.0008391442925038964,100,10.0,0.0,0,0.0,38.5,0
2025-05-18T06:14:28.993951,1,0.9997766613960266,0.08704495429992676,0,17,0.08704495429992676,1148.8316675477208,1148.8316675477208,0,0,0,0,0,0,0,0,0,0,0,0,0,0,0,0,0,0,0,0,0,1,0,0,0,1,1,6000,60,60,60.0,0.0,6000,0.0008792419626255228,100,10.0,0.0,0,0.0,38.5,0
2025-05-18T06:14:29.071450,1,0.9997767806053162,0.09009337425231934,0,17,0.09009337425231934,1109.9595373122083,1109.9595373122083,0,0,0,0,0,0,0,0,0,0,0,0,0,0,0,0,0,0,0,0,0,1,0,0,0,1,1,6000,60,60,60.0,0.0,6000,0.0009100340833567609,100,10.0,0.0,0,0.0,38.5,0
2025-05-18T06:14:29.162872,1,0.9997767806053162,0.08886599540710449,0,17,0.08886599540710449,1125.289820272529,1125.289820272529,0,0,0,0,0,0,0,0,0,0,0,0,0,0,0,0,0,0,0,0,0,1,0,0,0,1,1,6000,60,60,60.0,0.0,6000,0.0008976363172434797,100,10.0,0.0,0,0.0,38.5,0
2025-05-18T06:14:29.251772,1,0.9997765421867371,0.08191251754760742,0,17,0.08191251754760742,1220.8146324141503,1220.8146324141503,0,0,0,0,0,0,0,0,0,0,0,0,0,0,0,0,0,0,0,0,0,1,0,0,0,1,1,6000,60,60,60.0,0.0,6000,0.0008273991671475497,100,10.0,0.0,0,0.0,38.5,0
2025-05-18T06:14:29.333895,1,0.9997767806053162,0.09090948104858398,0,17,0.09090948104858398,1099.9952793323928,1099.9952793323928,0,0,0,0,0,0,0,0,0,0,0,0,0,0,0,0,0,0,0,0,0,1,0,0,0,1,1,6000,60,60,60.0,0.0,6000,0.0009182775863493331,100,10.0,0.0,0,0.0,38.5,0
2025-05-18T06:14:29.412784,1,0.9997766613960266,0.0862433910369873,0,17,0.0862433910369873,1159.5091380058661,1159.5091380058661,0,0,0,0,0,0,0,0,0,0,0,0,0,0,0,0,0,0,0,0,0,1,0,0,0,1,1,6000,60,60,60.0,0.0,6000,0.0008711453640099728,100,10.0,0.0,0,0.0,38.5,0
2025-05-18T06:14:29.497116,1,0.9997765421867371,0.08199930191040039,0,17,0.08199930191040039,1219.5225772686304,1219.5225772686304,0,0,0,0,0,0,0,0,0,0,0,0,0,0,0,0,0,0,0,0,0,1,0,0,0,1,1,6000,60,60,60.0,0.0,6000,0.0008282757768727312,100,10.0,0.0,0,0.0,38.5,0
2025-05-18T06:14:29.571475,1,0.9997764229774475,0.07932090759277344,0,17,0.07932090759277344,1260.701661576935,1260.701661576935,0,0,0,0,0,0,0,0,0,0,0,0,0,0,0,0,0,0,0,0,0,1,0,0,0,1,1,6000,60,60,60.0,0.0,6000,0.0008012212888158933,100,10.0,0.0,0,0.0,38.5,0
2025-05-18T06:14:29.665633,1,0.9997765421867371,0.08198094367980957,0,17,0.08198094367980957,1219.7956684978756,1219.7956684978756,0,0,0,0,0,0,0,0,0,0,0,0,0,0,0,0,0,0,0,0,0,1,0,0,0,1,1,6000,60,60,60.0,0.0,6000,0.0008280903402000967,100,10.0,0.0,0,0.0,38.5,0
2025-05-18T06:14:29.744673,1,0.999776303768158,0.07628893852233887,0,17,0.07628893852233887,1310.8060216451704,1310.8060216451704,0,0,0,0,0,0,0,0,0,0,0,0,0,0,0,0,0,0,0,0,0,1,0,0,0,1,1,6000,60,60,60.0,0.0,6000,0.0007705953386094836,100,10.0,0.0,0,0.0,38.5,0
2025-05-18T06:14:29.822242,1,0.9997767806053162,0.09145283699035645,0,17,0.09145283699035645,1093.4597907612733,1093.4597907612733,0,0,0,0,0,0,0,0,0,0,0,0,0,0,0,0,0,0,0,0,0,1,0,0,0,1,1,6000,60,60,60.0,0.0,6000,0.0009237660302056207,100,10.0,0.0,0,0.0,38.5,0
2025-05-18T06:14:29.898859,1,0.9997765421867371,0.08086991310119629,0,17,0.08086991310119629,1236.5538203913407,1236.5538203913407,0,0,0,0,0,0,0,0,0,0,0,0,0,0,0,0,0,0,0,0,0,1,0,0,0,1,1,6000,60,60,60.0,0.0,6000,0.0008168678091029928,100,10.0,0.0,0,0.0,38.5,0
2025-05-18T06:14:29.984116,1,0.9997764229774475,0.07668590545654297,0,17,0.07668590545654297,1304.0205941973113,1304.0205941973113,0,0,0,0,0,0,0,0,0,0,0,0,0,0,0,0,0,0,0,0,0,1,0,0,0,1,1,6000,60,60,60.0,0.0,6000,0.0007746051056216461,100,10.0,0.0,0,0.0,38.5,0
2025-05-18T06:14:30.067667,1,0.999776303768158,0.07596588134765625,0,17,0.07596588134765625,1316.3804358742593,1316.3804358742593,0,0,0,0,0,0,0,0,0,0,0,0,0,0,0,0,0,0,0,0,0,1,0,0,0,1,1,6000,60,60,60.0,0.0,6000,0.0007673321348248106,100,10.0,0.0,0,0.0,38.5,0
2025-05-18T06:14:30.149958,1,0.9997766613960266,0.08654022216796875,0,17,0.08654022216796875,1155.5320461958918,1155.5320461958918,0,0,0,0,0,0,0,0,0,0,0,0,0,0,0,0,0,0,0,0,0,1,0,0,0,1,1,6000,60,60,60.0,0.0,6000,0.0008741436582623106,100,10.0,0.0,0,0.0,38.5,0
2025-05-18T06:14:30.225582,1,0.9997765421867371,0.08164834976196289,0,17,0.08164834976196289,1224.7644966682046,1224.7644966682046,0,0,0,0,0,0,0,0,0,0,0,0,0,0,0,0,0,0,0,0,0,1,0,0,0,1,1,6000,60,60,60.0,0.0,6000,0.0008247308056763929,100,10.0,0.0,0,0.0,38.5,0
2025-05-18T06:14:30.304320,1,0.9997765421867371,0.08286356925964355,0,17,0.08286356925964355,1206.8029520507546,1206.8029520507546,0,0,0,0,0,0,0,0,0,0,0,0,0,0,0,0,0,0,0,0,0,1,0,0,0,1,1,6000,60,60,60.0,0.0,6000,0.0008370057500974097,100,10.0,0.0,0,0.0,38.5,0
2025-05-18T06:14:30.402442,1,0.999776303768158,0.07533144950866699,0,17,0.07533144950866699,1327.4668236470725,1327.4668236470725,0,0,0,0,0,0,0,0,0,0,0,0,0,0,0,0,0,0,0,0,0,1,0,0,0,1,1,6000,60,60,60.0,0.0,6000,0.0007609237324107777,100,10.0,0.0,0,0.0,38.5,0
2025-05-18T06:14:30.475114,1,0.9997764229774475,0.07946062088012695,0,17,0.07946062088012695,1258.4850066910303,1258.4850066910303,0,0,0,0,0,0,0,0,0,0,0,0,0,0,0,0,0,0,0,0,0,1,0,0,0,1,1,6000,60,60,60.0,0.0,6000,0.0008026325341426965,100,10.0,0.0,0,0.0,38.5,0
2025-05-18T06:14:30.556764,1,0.9997768998146057,0.09585857391357422,0,17,0.09585857391357422,1043.2035019648808,1043.2035019648808,0,0,0,0,0,0,0,0,0,0,0,0,0,0,0,0,0,0,0,0,0,1,0,0,0,1,1,6000,60,60,60.0,0.0,6000,0.0009682684233694365,100,10.0,0.0,0,0.0,38.5,0
2025-05-18T06:14:30.630545,1,0.999776303768158,0.07297682762145996,0,17,0.07297682762145996,1370.2979871735813,1370.2979871735813,0,0,0,0,0,0,0,0,0,0,0,0,0,0,0,0,0,0,0,0,0,1,0,0,0,1,1,6000,60,60,60.0,0.0,6000,0.0007371396729440401,100,10.0,0.0,0,0.0,38.5,0
2025-05-18T06:14:30.711279,1,0.9997765421867371,0.08287382125854492,0,17,0.08287382125854492,1206.6536631396039,1206.6536631396039,0,0,0,0,0,0,0,0,0,0,0,0,0,0,0,0,0,0,0,0,0,1,0,0,0,1,1,6000,60,60,60.0,0.0,6000,0.0008371093056418679,100,10.0,0.0,0,0.0,38.5,0
2025-05-18T06:14:30.786924,1,0.9997761845588684,0.07166075706481934,0,17,0.07166075706481934,1395.463906549954,1395.463906549954,0,0,0,0,0,0,0,0,0,0,0,0,0,0,0,0,0,0,0,0,0,1,0,0,0,1,1,6000,60,60,60.0,0.0,6000,0.0007238460309577711,100,10.0,0.0,0,0.0,38.5,0
2025-05-18T06:14:30.867141,1,0.9997765421867371,0.08108663558959961,0,17,0.08108663558959961,1233.2488488747492,1233.2488488747492,0,0,0,0,0,0,0,0,0,0,0,0,0,0,0,0,0,0,0,0,0,1,0,0,0,1,1,6000,60,60,60.0,0.0,6000,0.0008190569251474708,100,10.0,0.0,0,0.0,38.5,0
2025-05-18T06:14:30.957211,1,0.999776303768158,0.0748445987701416,0,17,0.0748445987701416,1336.101758085633,1336.101758085633,0,0,0,0,0,0,0,0,0,0,0,0,0,0,0,0,0,0,0,0,0,1,0,0,0,1,1,6000,60,60,60.0,0.0,6000,0.0007560060481832486,100,10.0,0.0,0,0.0,38.5,0
2025-05-18T06:14:31.033508,1,0.9997765421867371,0.08172416687011719,0,17,0.08172416687011719,1223.6282586878895,1223.6282586878895,0,0,0,0,0,0,0,0,0,0,0,0,0,0,0,0,0,0,0,0,0,1,0,0,0,1,1,6000,60,60,60.0,0.0,6000,0.0008254966350516888,100,10.0,0.0,0,0.0,38.5,0
2025-05-18T06:14:31.116565,1,0.9997767806053162,0.08999943733215332,0,17,0.08999943733215332,1111.1180576711658,1111.1180576711658,0,0,0,0,0,0,0,0,0,0,0,0,0,0,0,0,0,0,0,0,0,1,0,0,0,1,1,6000,60,60,60.0,0.0,6000,0.0009090852255773063,100,10.0,0.0,0,0.0,38.5,0
2025-05-18T06:14:31.197532,1,0.999776303768158,0.07596683502197266,0,17,0.07596683502197266,1316.3639102652623,1316.3639102652623,0,0,0,0,0,0,0,0,0,0,0,0,0,0,0,0,0,0,0,0,0,1,0,0,0,1,1,6000,60,60,60.0,0.0,6000,0.0007673417678987137,100,10.0,0.0,0,0.0,38.5,0
2025-05-18T06:14:31.274956,1,0.9997765421867371,0.08289361000061035,0,17,0.08289361000061035,1206.3656052530912,1206.3656052530912,0,0,0,0,0,0,0,0,0,0,0,0,0,0,0,0,0,0,0,0,0,1,0,0,0,1,1,6000,60,60,60.0,0.0,6000,0.0008373091919253571,100,10.0,0.0,0,0.0,38.5,0
2025-05-18T06:14:31.355298,1,0.9997764229774475,0.08040428161621094,0,17,0.08040428161621094,1243.7148618194758,1243.7148618194758,0,0,0,0,0,0,0,0,0,0,0,0,0,0,0,0,0,0,0,0,0,1,0,0,0,1,1,6000,60,60,60.0,0.0,6000,0.0008121644607698075,100,10.0,0.0,0,0.0,38.5,0
2025-05-18T06:14:31.434646,1,0.9997764229774475,0.07730555534362793,0,17,0.07730555534362793,1293.5680955332882,1293.5680955332882,0,0,0,0,0,0,0,0,0,0,0,0,0,0,0,0,0,0,0,0,0,1,0,0,0,1,1,6000,60,60,60.0,0.0,6000,0.0007808641953901811,100,10.0,0.0,0,0.0,38.5,0
2025-05-18T06:14:31.506415,1,0.9997764229774475,0.080291748046875,0,17,0.080291748046875,1245.4580007601671,1245.4580007601671,0,0,0,0,0,0,0,0,0,0,0,0,0,0,0,0,0,0,0,0,0,1,0,0,0,1,1,6000,60,60,60.0,0.0,6000,0.0008110277580492424,100,10.0,0.0,0,0.0,38.5,0
2025-05-18T06:14:31.588803,1,0.9997764229774475,0.07805299758911133,0,17,0.07805299758911133,1281.1807757393594,1281.1807757393594,0,0,0,0,0,0,0,0,0,0,0,0,0,0,0,0,0,0,0,0,0,1,0,0,0,1,1,6000,60,60,60.0,0.0,6000,0.0007884141170617306,100,10.0,0.0,0,0.0,38.5,0
2025-05-18T06:14:31.669438,1,0.999776303768158,0.07277131080627441,0,17,0.07277131080627441,1374.1679089196493,1374.1679089196493,0,0,0,0,0,0,0,0,0,0,0,0,0,0,0,0,0,0,0,0,0,1,0,0,0,1,1,6000,60,60,60.0,0.0,6000,0.0007350637455179233,100,10.0,0.0,0,0.0,38.5,0
2025-05-18T06:14:31.786790,1,0.9997765421867371,0.08238506317138672,0,17,0.08238506317138672,1213.8122634192646,1213.8122634192646,0,0,0,0,0,0,0,0,0,0,0,0,0,0,0,0,0,0,0,0,0,1,0,0,0,1,1,6000,60,60,60.0,0.0,6000,0.0008321723552665325,100,10.0,0.0,0,0.0,38.5,0
2025-05-18T06:14:31.875894,1,0.9997765421867371,0.08220815658569336,0,17,0.08220815658569336,1216.424308161691,1216.424308161691,0,0,0,0,0,0,0,0,0,0,0,0,0,0,0,0,0,0,0,0,0,1,0,0,0,1,1,6000,60,60,60.0,0.0,6000,0.0008303854200575086,100,10.0,0.0,0,0.0,38.5,0
2025-05-18T06:14:31.966598,1,0.9997774958610535,0.11597442626953125,0,17,0.11597442626953125,862.2590619038222,862.2590619038222,0,0,0,0,0,0,0,0,0,0,0,0,0,0,0,0,0,0,0,0,0,1,0,0,0,1,1,6000,60,60,60.0,0.0,6000,0.0011714588512073863,100,10.0,0.0,0,0.0,38.5,0
2025-05-18T06:14:32.047820,1,0.9997767806053162,0.09043073654174805,0,17,0.09043073654174805,1105.8187052787548,1105.8187052787548,0,0,0,0,0,0,0,0,0,0,0,0,0,0,0,0,0,0,0,0,0,1,0,0,0,1,1,6000,60,60,60.0,0.0,6000,0.0009134417832499803,100,10.0,0.0,0,0.0,38.5,0
2025-05-18T06:14:32.141080,1,0.9997767806053162,0.09087324142456055,0,17,0.09087324142456055,1100.4339498884954,1100.4339498884954,0,0,0,0,0,0,0,0,0,0,0,0,0,0,0,0,0,0,0,0,0,1,0,0,0,1,1,6000,60,60,60.0,0.0,6000,0.0009179115295410156,100,10.0,0.0,0,0.0,38.5,0
2025-05-18T06:14:32.231121,1,0.9997764229774475,0.07877445220947266,0,17,0.07877445220947266,1269.4471011246837,1269.4471011246837,0,0,0,0,0,0,0,0,0,0,0,0,0,0,0,0,0,0,0,0,0,1,0,0,0,1,1,6000,60,60,60.0,0.0,6000,0.0007957015374694208,100,10.0,0.0,0,0.0,38.5,0
2025-05-18T06:14:32.316916,1,0.9997768998146057,0.09483456611633301,0,17,0.09483456611633301,1054.4678390506958,1054.4678390506958,0,0,0,0,0,0,0,0,0,0,0,0,0,0,0,0,0,0,0,0,0,1,0,0,0,1,1,6000,60,60,60.0,0.0,6000,0.0009579249102659899,100,10.0,0.0,0,0.0,38.5,0
2025-05-18T06:14:32.403016,1,0.9997766613960266,0.08664917945861816,0,17,0.08664917945861816,1154.0790186912031,1154.0790186912031,0,0,0,0,0,0,0,0,0,0,0,0,0,0,0,0,0,0,0,0,0,1,0,0,0,1,1,6000,60,60,60.0,0.0,6000,0.0008752442369557391,100,10.0,0.0,0,0.0,38.5,0
2025-05-18T06:14:32.479642,1,0.9997767806053162,0.08890962600708008,0,17,0.08890962600708008,1124.737607062218,1124.737607062218,0,0,0,0,0,0,0,0,0,0,0,0,0,0,0,0,0,0,0,0,0,1,0,0,0,1,1,6000,60,60,60.0,0.0,6000,0.0008980770303745462,100,10.0,0.0,0,0.0,38.5,0
2025-05-18T06:14:32.563346,1,0.9997765421867371,0.08336496353149414,0,17,0.08336496353149414,1199.5446979620085,1199.5446979620085,0,0,0,0,0,0,0,0,0,0,0,0,0,0,0,0,0,0,0,0,0,1,0,0,0,1,1,6000,60,60,60.0,0.0,6000,0.000842070338701961,100,10.0,0.0,0,0.0,38.5,0
2025-05-18T06:14:32.649879,1,0.999776303768158,0.07575488090515137,0,17,0.07575488090515137,1320.0469567789917,1320.0469567789917,0,0,0,0,0,0,0,0,0,0,0,0,0,0,0,0,0,0,0,0,0,1,0,0,0,1,1,6000,60,60,60.0,0.0,6000,0.0007652008172237512,100,10.0,0.0,0,0.0,38.5,0
2025-05-18T06:14:32.737127,1,0.9997766613960266,0.08754444122314453,0,17,0.08754444122314453,1142.2769807292177,1142.2769807292177,0,0,0,0,0,0,0,0,0,0,0,0,0,0,0,0,0,0,0,0,0,1,0,0,0,1,1,6000,60,60,60.0,0.0,6000,0.000884287285082268,100,10.0,0.0,0,0.0,38.5,0
2025-05-18T06:14:32.827700,1,0.9997766613960266,0.08472824096679688,0,17,0.08472824096679688,1180.244023231732,1180.244023231732,0,0,0,0,0,0,0,0,0,0,0,0,0,0,0,0,0,0,0,0,0,1,0,0,0,1,1,6000,60,60,60.0,0.0,6000,0.0008558408178464331,100,10.0,0.0,0,0.0,38.5,0
2025-05-18T06:14:32.917461,1,0.9997766613960266,0.08790802955627441,0,17,0.08790802955627441,1137.552513743752,1137.552513743752,0,0,0,0,0,0,0,0,0,0,0,0,0,0,0,0,0,0,0,0,0,1,0,0,0,1,1,6000,60,60,60.0,0.0,6000,0.0008879598945078223,100,10.0,0.0,0,0.0,38.5,0
2025-05-18T06:14:32.999825,1,0.9997767806053162,0.09040498733520508,0,17,0.09040498733520508,1106.133665272452,1106.133665272452,0,0,0,0,0,0,0,0,0,0,0,0,0,0,0,0,0,0,0,0,0,1,0,0,0,1,1,6000,60,60,60.0,0.0,6000,0.0009131816902545967,100,10.0,0.0,0,0.0,38.5,0
2025-05-18T06:14:33.088717,1,0.9997767806053162,0.08910202980041504,0,17,0.08910202980041504,1122.3088881812903,1122.3088881812903,0,0,0,0,0,0,0,0,0,0,0,0,0,0,0,0,0,0,0,0,0,1,0,0,0,1,1,6000,60,60,60.0,0.0,6000,0.0009000205030344953,100,10.0,0.0,0,0.0,38.5,0
2025-05-18T06:14:33.177469,1,0.9997765421867371,0.08241796493530273,0,17,0.08241796493530273,1213.327702018595,1213.327702018595,0,0,0,0,0,0,0,0,0,0,0,0,0,0,0,0,0,0,0,0,0,1,0,0,0,1,1,6000,60,60,60.0,0.0,6000,0.0008325046963161892,100,10.0,0.0,0,0.0,38.5,0
2025-05-18T06:14:33.265381,1,0.9997767806053162,0.08904337882995605,0,17,0.08904337882995605,1123.04812905817,1123.04812905817,0,0,0,0,0,0,0,0,0,0,0,0,0,0,0,0,0,0,0,0,0,1,0,0,0,1,1,6000,60,60,60.0,0.0,6000,0.0008994280689894551,100,10.0,0.0,0,0.0,38.5,0
2025-05-18T06:14:33.356988,1,0.9997767806053162,0.08982372283935547,0,17,0.08982372283935547,1113.291643220402,1113.291643220402,0,0,0,0,0,0,0,0,0,0,0,0,0,0,0,0,0,0,0,0,0,1,0,0,0,1,1,6000,60,60,60.0,0.0,6000,0.0009073103317106613,100,10.0,0.0,0,0.0,38.5,0
2025-05-18T06:14:33.435961,1,0.9997766613960266,0.08646178245544434,0,17,0.08646178245544434,1156.5803660308786,1156.5803660308786,0,0,0,0,0,0,0,0,0,0,0,0,0,0,0,0,0,0,0,0,0,1,0,0,0,1,1,6000,60,60,60.0,0.0,6000,0.0008733513379337812,100,10.0,0.0,0,0.0,38.5,0
2025-05-18T06:14:33.512533,1,0.9997767806053162,0.08934974670410156,0,17,0.08934974670410156,1119.1973529725692,1119.1973529725692,0,0,0,0,0,0,0,0,0,0,0,0,0,0,0,0,0,0,0,0,0,1,0,0,0,1,1,6000,60,60,60.0,0.0,6000,0.0009025226939808239,100,10.0,0.0,0,0.0,38.5,0
2025-05-18T06:14:33.588282,1,0.9997764229774475,0.0779726505279541,0,17,0.0779726505279541,1282.5009708262878,1282.5009708262878,0,0,0,0,0,0,0,0,0,0,0,0,0,0,0,0,0,0,0,0,0,1,0,0,0,1,1,6000,60,60,60.0,0.0,6000,0.0007876025305853949,100,10.0,0.0,0,0.0,38.5,0
2025-05-18T06:14:33.676748,1,0.999776303768158,0.07609701156616211,0,17,0.07609701156616211,1314.112051733537,1314.112051733537,0,0,0,0,0,0,0,0,0,0,0,0,0,0,0,0,0,0,0,0,0,1,0,0,0,1,1,6000,60,60,60.0,0.0,6000,0.000768656682486486,100,10.0,0.0,0,0.0,38.5,0
2025-05-18T06:14:33.764655,1,0.9997764229774475,0.07913970947265625,0,17,0.07913970947265625,1263.5881615733153,1263.5881615733153,0,0,0,0,0,0,0,0,0,0,0,0,0,0,0,0,0,0,0,0,0,1,0,0,0,1,1,6000,60,60,60.0,0.0,6000,0.0007993910047743055,100,10.0,0.0,0,0.0,38.5,0
2025-05-18T06:14:33.844348,1,0.9997766613960266,0.08800482749938965,0,17,0.08800482749938965,1136.301301206386,1136.301301206386,0,0,0,0,0,0,0,0,0,0,0,0,0,0,0,0,0,0,0,0,0,1,0,0,0,1,1,6000,60,60,60.0,0.0,6000,0.0008889376515089863,100,10.0,0.0,0,0.0,38.5,0
2025-05-18T06:14:33.923539,1,0.9997766613960266,0.08575248718261719,0,17,0.08575248718261719,1166.1469338730844,1166.1469338730844,0,0,0,0,0,0,0,0,0,0,0,0,0,0,0,0,0,0,0,0,0,1,0,0,0,1,1,6000,60,60,60.0,0.0,6000,0.0008661867392183554,100,10.0,0.0,0,0.0,38.5,0
2025-05-18T06:14:34.014218,1,0.9997764229774475,0.07942843437194824,0,17,0.07942843437194824,1258.9949781928099,1258.9949781928099,0,0,0,0,0,0,0,0,0,0,0,0,0,0,0,0,0,0,0,0,0,1,0,0,0,1,1,6000,60,60,60.0,0.0,6000,0.0008023074178984671,100,10.0,0.0,0,0.0,38.5,0
2025-05-18T06:14:34.089139,1,0.9997764229774475,0.07919669151306152,0,17,0.07919669151306152,1262.6790095582148,1262.6790095582148,0,0,0,0,0,0,0,0,0,0,0,0,0,0,0,0,0,0,0,0,0,1,0,0,0,1,1,6000,60,60,60.0,0.0,6000,0.0007999665809400154,100,10.0,0.0,0,0.0,38.5,0
2025-05-18T06:14:34.173624,1,0.9997767806053162,0.09069228172302246,0,17,0.09069228172302246,1102.629662636603,1102.629662636603,0,0,0,0,0,0,0,0,0,0,0,0,0,0,0,0,0,0,0,0,0,1,0,0,0,1,1,6000,60,60,60.0,0.0,6000,0.0009160836537679037,100,10.0,0.0,0,0.0,38.5,0
2025-05-18T06:14:34.254771,1,0.9997764229774475,0.07675886154174805,0,17,0.07675886154174805,1302.7811772014288,1302.7811772014288,0,0,0,0,0,0,0,0,0,0,0,0,0,0,0,0,0,0,0,0,0,1,0,0,0,1,1,6000,60,60,60.0,0.0,6000,0.0007753420357752328,100,10.0,0.0,0,0.0,38.5,0
2025-05-18T06:14:34.339321,1,0.9997765421867371,0.08366012573242188,0,17,0.08366012573242188,1195.3125712461813,1195.3125712461813,0,0,0,0,0,0,0,0,0,0,0,0,0,0,0,0,0,0,0,0,0,1,0,0,0,1,1,6000,60,60,60.0,0.0,6000,0.0008450517750749684,100,10.0,0.0,0,0.0,38.5,0
2025-05-18T06:14:34.426651,1,0.9997764229774475,0.07917594909667969,0,17,0.07917594909667969,1263.009804630098,1263.009804630098,0,0,0,0,0,0,0,0,0,0,0,0,0,0,0,0,0,0,0,0,0,1,0,0,0,1,1,6000,60,60,60.0,0.0,6000,0.0007997570615826231,100,10.0,0.0,0,0.0,38.5,0
2025-05-18T06:14:34.521407,1,0.9997766613960266,0.08467459678649902,0,17,0.08467459678649902,1180.9917471723295,1180.9917471723295,0,0,0,0,0,0,0,0,0,0,0,0,0,0,0,0,0,0,0,0,0,1,0,0,0,1,1,6000,60,60,60.0,0.0,6000,0.0008552989574393841,100,10.0,0.0,0,0.0,38.5,0
2025-05-18T06:14:34.619628,1,0.9997766613960266,0.08750653266906738,0,17,0.08750653266906738,1142.7718245697206,1142.7718245697206,0,0,0,0,0,0,0,0,0,0,0,0,0,0,0,0,0,0,0,0,0,1,0,0,0,1,1,6000,60,60,60.0,0.0,6000,0.0008839043703946201,100,10.0,0.0,0,0.0,38.5,0
2025-05-18T06:14:34.705407,1,0.9997768998146057,0.09501147270202637,0,17,0.09501147270202637,1052.5044729452682,1052.5044729452682,0,0,0,0,0,0,0,0,0,0,0,0,0,0,0,0,0,0,0,0,0,1,0,0,0,1,1,6000,60,60,60.0,0.0,6000,0.0009597118454750138,100,10.0,0.0,0,0.0,38.5,0
2025-05-18T06:14:34.790567,1,0.9997770190238953,0.09744048118591309,0,17,0.09744048118591309,1026.2675100013457,1026.2675100013457,0,0,0,0,0,0,0,0,0,0,0,0,0,0,0,0,0,0,0,0,0,1,0,0,0,1,1,6000,60,60,60.0,0.0,6000,0.0009842472847061928,100,10.0,0.0,0,0.0,38.5,0
2025-05-18T06:14:34.877125,1,0.9997765421867371,0.08462786674499512,0,17,0.08462786674499512,1181.6438703497627,1181.6438703497627,0,0,0,0,0,0,0,0,0,0,0,0,0,0,0,0,0,0,0,0,0,1,0,0,0,1,1,6000,60,60,60.0,0.0,6000,0.0008548269368181324,100,10.0,0.0,0,0.0,38.5,0
2025-05-18T06:14:34.967141,1,0.9997766613960266,0.0855100154876709,0,17,0.0855100154876709,1169.4536532322147,1169.4536532322147,0,0,0,0,0,0,0,0,0,0,0,0,0,0,0,0,0,0,0,0,0,1,0,0,0,1,1,6000,60,60,60.0,0.0,6000,0.0008637375301784939,100,10.0,0.0,0,0.0,38.5,0
2025-05-18T06:14:35.044729,1,0.9997767806053162,0.0892188549041748,0,17,0.0892188549041748,1120.8393125803357,1120.8393125803357,0,0,0,0,0,0,0,0,0,0,0,0,0,0,0,0,0,0,0,0,0,1,0,0,0,1,1,6000,60,60,60.0,0.0,6000,0.0009012005545876243,100,10.0,0.0,0,0.0,38.5,0
2025-05-18T06:14:35.133247,1,0.9997767806053162,0.08919191360473633,0,17,0.08919191360473633,1121.1778731776164,1121.1778731776164,0,0,0,0,0,0,0,0,0,0,0,0,0,0,0,0,0,0,0,0,0,1,0,0,0,1,1,6000,60,60,60.0,0.0,6000,0.0009009284202498619,100,10.0,0.0,0,0.0,38.5,0
2025-05-18T06:14:35.212975,1,0.999776303768158,0.07448291778564453,0,17,0.07448291778564453,1342.5897235630787,1342.5897235630787,0,0,0,0,0,0,0,0,0,0,0,0,0,0,0,0,0,0,0,0,0,1,0,0,0,1,1,6000,60,60,60.0,0.0,6000,0.0007523527049055004,100,10.0,0.0,0,0.0,38.5,0
2025-05-18T06:14:35.299440,1,0.9997767806053162,0.0917975902557373,0,17,0.0917975902557373,1089.3532141901737,1089.3532141901737,0,0,0,0,0,0,0,0,0,0,0,0,0,0,0,0,0,0,0,0,0,1,0,0,0,1,1,6000,60,60,60.0,0.0,6000,0.0009272483864215889,100,10.0,0.0,0,0.0,38.5,0
2025-05-18T06:14:35.380146,1,0.999776303768158,0.07639479637145996,0,17,0.07639479637145996,1308.989679267718,1308.989679267718,0,0,0,0,0,0,0,0,0,0,0,0,0,0,0,0,0,0,0,0,0,1,0,0,0,1,1,6000,60,60,60.0,0.0,6000,0.0007716646098127269,100,10.0,0.0,0,0.0,38.5,0
2025-05-18T06:14:35.454041,1,0.9997766613960266,0.08686614036560059,0,17,0.08686614036560059,1151.1965373288358,1151.1965373288358,0,0,0,0,0,0,0,0,0,0,0,0,0,0,0,0,0,0,0,0,0,1,0,0,0,1,1,6000,60,60,60.0,0.0,6000,0.0008774357612686928,100,10.0,0.0,0,0.0,38.5,0
2025-05-18T06:14:35.532858,1,0.9997765421867371,0.08138155937194824,0,17,0.08138155937194824,1228.7796003386663,1228.7796003386663,0,0,0,0,0,0,0,0,0,0,0,0,0,0,0,0,0,0,0,0,0,1,0,0,0,1,1,6000,60,60,60.0,0.0,6000,0.0008220359532520024,100,10.0,0.0,0,0.0,38.5,0
2025-05-18T06:14:35.752525,1,0.9997761845588684,0.07237768173217773,0,17,0.07237768173217773,1381.6413790377305,1381.6413790377305,0,0,0,0,0,0,0,0,0,0,0,0,0,0,0,0,0,0,0,0,0,1,0,0,0,1,1,6000,60,60,60.0,0.0,6000,0.0007310876942644215,100,10.0,0.0,0,0.0,38.5,0
2025-05-18T06:14:35.833941,1,0.9997764229774475,0.07849693298339844,0,17,0.07849693298339844,1273.9351233142995,1273.9351233142995,0,0,0,0,0,0,0,0,0,0,0,0,0,0,0,0,0,0,0,0,0,1,0,0,0,1,1,6000,60,60,60.0,0.0,6000,0.0007928983129636206,100,10.0,0.0,0,0.0,38.5,0
2025-05-18T06:14:35.925157,1,0.9997804760932922,0.22067666053771973,0,17,0.22067666053771973,453.1516824494779,453.1516824494779,0,0,0,0,0,0,0,0,0,0,0,0,0,0,0,0,0,0,0,0,0,1,0,0,0,1,1,6000,60,60,60.0,0.0,6000,0.002229057177148684,100,10.0,0.0,0,0.0,38.5,0
2025-05-18T06:14:36.000568,1,0.9997765421867371,0.08312654495239258,0,17,0.08312654495239258,1202.9851602429887,1202.9851602429887,0,0,0,0,0,0,0,0,0,0,0,0,0,0,0,0,0,0,0,0,0,1,0,0,0,1,1,6000,60,60,60.0,0.0,6000,0.0008396620702261876,100,10.0,0.0,0,0.0,38.5,0
2025-05-18T06:14:36.074760,1,0.9997767806053162,0.08912348747253418,0,17,0.08912348747253418,1122.038677299491,1122.038677299491,0,0,0,0,0,0,0,0,0,0,0,0,0,0,0,0,0,0,0,0,0,1,0,0,0,1,1,6000,60,60,60.0,0.0,6000,0.0009002372471973149,100,10.0,0.0,0,0.0,38.5,0
2025-05-18T06:14:36.150473,1,0.999776303768158,0.07317066192626953,0,17,0.07317066192626953,1366.6679700228087,1366.6679700228087,0,0,0,0,0,0,0,0,0,0,0,0,0,0,0,0,0,0,0,0,0,1,0,0,0,1,1,6000,60,60,60.0,0.0,6000,0.0007390975952148438,100,10.0,0.0,0,0.0,38.5,0
2025-05-18T06:15:00.107563,1,0.9999852180480957,17.15198063850403,0,1,17.15198063850403,5.830230461869379,5.830230461869379,0,0,0,0,0,0,0,0,0,0,0,0,0,0,0,0,0,0,0,0,0,0,0,0,1,1,1,6456,60,98,64.56,12.34853837504666,6456,0.17325232968185889,100,10.0,38.0,0,152.4864,38.5,0
2025-05-18T06:15:00.167134,1,0.9999852180480957,39.86038565635681,0,1,39.86038565635681,2.5087564596619076,2.5087564596619076,0,0,0,0,0,0,0,0,0,0,0,0,0,0,0,0,0,0,0,0,0,0,0,0,1,1,1,6024,54,98,60.24,14.447920265560718,6024,0.4026301581450183,100,10.0,52.15361924162119,0,208.7424000000001,38.5,0
2025-05-18T06:15:00.250516,1,0.9999969005584717,0.02759528160095215,0,1,0.02759528160095215,3623.807919269416,3623.807919269416,0,0,0,0,0,0,0,0,0,0,0,0,0,0,0,0,0,0,0,0,0,0,0,0,1,1,1,5400,54,54,54.0,0.0,5400,0.0002787402181914358,100,10.0,0.0,0,0.0,38.5,0
2025-05-18T06:15:00.343498,1,0.9999974966049194,0.20402097702026367,0,1,0.20402097702026367,490.1456774715271,490.1456774715271,0,0,0,0,0,0,0,0,0,0,0,0,0,0,0,0,0,0,0,0,0,0,0,0,1,1,1,5400,54,54,54.0,0.0,5400,0.002060817949699633,100,10.0,0.0,0,0.0,38.5,0
2025-05-18T06:15:00.425835,1,0.999997615814209,0.257922887802124,0,1,0.257922887802124,387.712780560673,387.712780560673,0,0,0,0,0,0,0,0,0,0,0,0,0,0,0,0,0,0,0,0,0,0,0,0,1,1,1,6000,60,60,60.0,0.0,6000,0.00260528169497095,100,10.0,0.0,0,0.0,38.5,0
2025-05-18T06:15:00.493140,1,0.9999971389770508,0.0949094295501709,0,1,0.0949094295501709,1053.6360873093029,1053.6360873093029,0,0,0,0,0,0,0,0,0,0,0,0,0,0,0,0,0,0,0,0,0,0,0,0,1,1,1,5400,54,54,54.0,0.0,5400,0.0009586811065673828,100,10.0,0.0,0,0.0,38.5,0
2025-05-18T06:15:00.588090,1,0.9999971389770508,0.08877277374267578,0,1,0.08877277374267578,1126.4715045388623,1126.4715045388623,0,0,0,0,0,0,0,0,0,0,0,0,0,0,0,0,0,0,0,0,0,0,0,0,1,1,1,5400,54,54,54.0,0.0,5400,0.0008966946842694524,100,10.0,0.0,0,0.0,38.5,0
2025-05-18T06:15:00.696665,1,0.9999977350234985,0.31515026092529297,0,1,0.31515026092529297,317.3089551199998,317.3089551199998,0,0,0,0,0,0,0,0,0,0,0,0,0,0,0,0,0,0,0,0,0,0,0,0,1,1,1,6000,60,60,60.0,0.0,6000,0.0031833359689423532,100,10.0,0.0,0,0.0,38.5,0
2025-05-18T06:15:00.773044,1,0.9999973773956299,0.16191983222961426,0,1,0.16191983222961426,617.5895727102325,617.5895727102325,0,0,0,0,0,0,0,0,0,0,0,0,0,0,0,0,0,0,0,0,0,0,0,0,1,1,1,5400,54,54,54.0,0.0,5400,0.0016355538609051944,100,10.0,0.0,0,0.0,38.5,0
2025-05-18T06:15:01.089739,1,0.9999979734420776,0.42559123039245605,0,1,0.42559123039245605,234.9672475811724,234.9672475811724,0,0,0,0,0,0,0,0,0,0,0,0,0,0,0,0,0,0,0,0,0,0,0,0,1,1,1,5400,54,54,54.0,0.0,5400,0.004298901317095516,100,10.0,0.0,0,0.0,38.5,0
2025-05-18T06:15:01.187054,1,0.9999979734420776,0.433361291885376,0,1,0.433361291885376,230.75434256008722,230.75434256008722,0,0,0,0,0,0,0,0,0,0,0,0,0,0,0,0,0,0,0,0,0,0,0,0,1,1,1,6000,60,60,60.0,0.0,6000,0.004377386786720969,100,10.0,0.0,0,0.0,38.5,0
2025-05-18T06:15:01.277202,1,0.9999973773956299,0.15723133087158203,0,1,0.15723133087158203,636.0055559262203,636.0055559262203,0,0,0,0,0,0,0,0,0,0,0,0,0,0,0,0,0,0,0,0,0,0,0,0,1,1,1,5400,54,54,54.0,0.0,5400,0.0015881952613291115,100,10.0,0.0,0,0.0,38.5,0
2025-05-18T06:15:01.369628,1,0.9999974966049194,0.19215726852416992,0,1,0.19215726852416992,520.4070643178496,520.4070643178496,0,0,0,0,0,0,0,0,0,0,0,0,0,0,0,0,0,0,0,0,0,0,0,0,1,1,1,6000,60,60,60.0,0.0,6000,0.0019409825103451506,100,10.0,0.0,0,0.0,38.5,0
2025-05-18T06:15:01.439909,1,0.9999971389770508,0.09649205207824707,0,1,0.09649205207824707,1036.354786183926,1036.354786183926,0,0,0,0,0,0,0,0,0,0,0,0,0,0,0,0,0,0,0,0,0,0,0,0,1,1,1,5400,54,54,54.0,0.0,5400,0.0009746671927095663,100,10.0,0.0,0,0.0,38.5,0
2025-05-18T06:15:01.545144,1,0.9999973773956299,0.17317819595336914,0,1,0.17317819595336914,577.4398991136651,577.4398991136651,0,0,0,0,0,0,0,0,0,0,0,0,0,0,0,0,0,0,0,0,0,0,0,0,1,1,1,5400,54,54,54.0,0.0,5400,0.0017492747065996884,100,10.0,0.0,0,0.0,38.5,0
2025-05-18T06:15:01.634495,1,0.999997615814209,0.24314236640930176,0,1,0.24314236640930176,411.2816761504315,411.2816761504315,0,0,0,0,0,0,0,0,0,0,0,0,0,0,0,0,0,0,0,0,0,0,0,0,1,1,1,6000,60,60,60.0,0.0,6000,0.002455983499083856,100,10.0,0.0,0,0.0,38.5,0
2025-05-18T06:15:01.739976,1,0.9999973773956299,0.1910538673400879,0,1,0.1910538673400879,523.4125924391456,523.4125924391456,0,0,0,0,0,0,0,0,0,0,0,0,0,0,0,0,0,0,0,0,0,0,0,0,1,1,1,5400,54,54,54.0,0.0,5400,0.0019298370438392716,100,10.0,0.0,0,0.0,38.5,0
2025-05-18T06:15:01.815047,1,0.9999974966049194,0.20083093643188477,0,1,0.20083093643188477,497.93125390279056,497.93125390279056,0,0,0,0,0,0,0,0,0,0,0,0,0,0,0,0,0,0,0,0,0,0,0,0,1,1,1,6000,60,60,60.0,0.0,6000,0.0020285953174937854,100,10.0,0.0,0,0.0,38.5,0
2025-05-18T06:15:01.895685,1,0.9999971389770508,0.09673619270324707,0,1,0.09673619270324707,1033.739257309466,1033.739257309466,0,0,0,0,0,0,0,0,0,0,0,0,0,0,0,0,0,0,0,0,0,0,0,0,1,1,1,5400,54,54,54.0,0.0,5400,0.0009771332596287582,100,10.0,0.0,0,0.0,38.5,0
2025-05-18T06:15:01.996708,1,0.9999973773956299,0.1626901626586914,0,1,0.1626901626586914,614.6653145205255,614.6653145205255,0,0,0,0,0,0,0,0,0,0,0,0,0,0,0,0,0,0,0,0,0,0,0,0,1,1,1,5400,54,54,54.0,0.0,5400,0.0016433349763504182,100,10.0,0.0,0,0.0,38.5,0
2025-05-18T06:15:02.059783,1,0.999997615814209,0.24979352951049805,0,1,0.24979352951049805,400.33062584112014,400.33062584112014,0,0,0,0,0,0,0,0,0,0,0,0,0,0,0,0,0,0,0,0,0,0,0,0,1,1,1,6000,60,60,60.0,0.0,6000,0.0025231669647525056,100,10.0,0.0,0,0.0,38.5,0
2025-05-18T06:15:02.151498,1,0.9999973773956299,0.15454339981079102,0,1,0.15454339981079102,647.0674265121058,647.0674265121058,0,0,0,0,0,0,0,0,0,0,0,0,0,0,0,0,0,0,0,0,0,0,0,0,1,1,1,5400,54,54,54.0,0.0,5400,0.0015610444425332426,100,10.0,0.0,0,0.0,38.5,0
2025-05-18T06:15:02.240540,1,0.9999973773956299,0.17393231391906738,0,1,0.17393231391906738,574.9362941640109,574.9362941640109,0,0,0,0,0,0,0,0,0,0,0,0,0,0,0,0,0,0,0,0,0,0,0,0,1,1,1,6000,60,60,60.0,0.0,6000,0.0017568920597885594,100,10.0,0.0,0,0.0,38.5,0
2025-05-18T06:15:02.320491,1,0.9999971389770508,0.0956869125366211,0,1,0.0956869125366211,1045.0749987541735,1045.0749987541735,0,0,0,0,0,0,0,0,0,0,0,0,0,0,0,0,0,0,0,0,0,0,0,0,1,1,1,5400,54,54,54.0,0.0,5400,0.0009665344700668797,100,10.0,0.0,0,0.0,38.5,0
2025-05-18T06:15:02.411605,1,0.9999974966049194,0.23494982719421387,0,1,0.23494982719421387,425.62278591223713,425.62278591223713,0,0,0,0,0,0,0,0,0,0,0,0,0,0,0,0,0,0,0,0,0,0,0,0,1,1,1,6000,60,60,60.0,0.0,6000,0.002373230577719332,100,10.0,0.0,0,0.0,38.5,0
2025-05-18T06:15:02.488284,1,0.9999973773956299,0.18203163146972656,0,1,0.18203163146972656,549.3550719322694,549.3550719322694,0,0,0,0,0,0,0,0,0,0,0,0,0,0,0,0,0,0,0,0,0,0,0,0,1,1,1,5400,54,54,54.0,0.0,5400,0.0018387033481790562,100,10.0,0.0,0,0.0,38.5,0
2025-05-18T06:15:02.703760,1,0.9999977350234985,0.3011958599090576,0,1,0.3011958599090576,332.00987566759306,332.00987566759306,0,0,0,0,0,0,0,0,0,0,0,0,0,0,0,0,0,0,0,0,0,0,0,0,1,1,1,6000,60,60,60.0,0.0,6000,0.0030423824233238145,100,10.0,0.0,0,0.0,38.5,0
2025-05-18T06:15:02.937703,1,0.9999980926513672,0.5340919494628906,0,1,0.5340919494628906,187.2336778349963,187.2336778349963,0,0,0,0,0,0,0,0,0,0,0,0,0,0,0,0,0,0,0,0,0,0,0,0,1,1,1,5400,54,54,54.0,0.0,5400,0.005394868176392835,100,10.0,0.0,0,0.0,38.5,0
2025-05-18T06:15:03.018579,1,0.999997615814209,0.25371718406677246,0,1,0.25371718406677246,394.1396416164004,394.1396416164004,0,0,0,0,0,0,0,0,0,0,0,0,0,0,0,0,0,0,0,0,0,0,0,0,1,1,1,6000,60,60,60.0,0.0,6000,0.002562799839058308,100,10.0,0.0,0,0.0,38.5,0
2025-05-18T06:15:03.099459,1,0.9999972581863403,0.13591241836547852,0,1,0.13591241836547852,735.7679394026572,735.7679394026572,0,0,0,0,0,0,0,0,0,0,0,0,0,0,0,0,0,0,0,0,0,0,0,0,1,1,1,5400,54,54,54.0,0.0,5400,0.0013728527107624091,100,10.0,0.0,0,0.0,38.5,0
2025-05-18T06:15:03.391767,1,0.9999979734420776,0.42630696296691895,0,1,0.42630696296691895,234.57275786452476,234.57275786452476,0,0,0,0,0,0,0,0,0,0,0,0,0,0,0,0,0,0,0,0,0,0,0,0,1,1,1,6000,60,60,60.0,0.0,6000,0.004306130939059787,100,10.0,0.0,0,0.0,38.5,0
2025-05-18T06:15:03.583294,1,0.9999980926513672,0.5107638835906982,0,1,0.5107638835906982,195.78518218045193,195.78518218045193,0,0,0,0,0,0,0,0,0,0,0,0,0,0,0,0,0,0,0,0,0,0,0,0,1,1,1,5400,54,54,54.0,0.0,5400,0.00515923114738079,100,10.0,0.0,0,0.0,38.5,0
2025-05-18T06:15:03.671764,1,0.9999974966049194,0.2201251983642578,0,1,0.2201251983642578,454.286927362684,454.286927362684,0,0,0,0,0,0,0,0,0,0,0,0,0,0,0,0,0,0,0,0,0,0,0,0,1,1,1,6000,60,60,60.0,0.0,6000,0.0022234868521642205,100,10.0,0.0,0,0.0,38.5,0
2025-05-18T06:15:03.945484,1,0.9999977350234985,0.3467214107513428,0,1,0.3467214107513428,288.4159930686159,288.4159930686159,0,0,0,0,0,0,0,0,0,0,0,0,0,0,0,0,0,0,0,0,0,0,0,0,1,1,1,5400,54,54,54.0,0.0,5400,0.0035022364722357858,100,10.0,0.0,0,0.0,38.5,0
2025-05-18T06:15:04.149175,1,0.9999982118606567,0.5640280246734619,0,1,0.5640280246734619,177.29615484601842,177.29615484601842,0,0,0,0,0,0,0,0,0,0,0,0,0,0,0,0,0,0,0,0,0,0,0,0,1,1,1,6000,60,60,60.0,0.0,6000,0.005697252774479414,100,10.0,0.0,0,0.0,38.5,0
2025-05-18T06:15:04.823914,1,0.9999985694885254,0.8701081275939941,0,1,0.8701081275939941,114.92824492574047,114.92824492574047,0,0,0,0,0,0,0,0,0,0,0,0,0,0,0,0,0,0,0,0,0,0,0,0,1,1,1,5400,54,54,54.0,0.0,5400,0.00878897098579792,100,10.0,0.0,0,0.0,38.5,0
2025-05-18T06:15:04.894402,1,0.9999983310699463,0.652672529220581,0,1,0.652672529220581,153.21619268918764,153.21619268918764,0,0,0,0,0,0,0,0,0,0,0,0,0,0,0,0,0,0,0,0,0,0,0,0,1,1,1,6000,60,60,60.0,0.0,6000,0.0065926518103088996,100,10.0,0.0,0,0.0,38.5,0
2025-05-18T06:15:05.008641,1,0.9999973773956299,0.19068217277526855,0,1,0.19068217277526855,524.4328745816032,524.4328745816032,0,0,0,0,0,0,0,0,0,0,0,0,0,0,0,0,0,0,0,0,0,0,0,0,1,1,1,5400,54,54,54.0,0.0,5400,0.001926082553285541,100,10.0,0.0,0,0.0,38.5,0
2025-05-18T06:15:05.413378,1,0.9999982118606567,0.6113190650939941,0,1,0.6113190650939941,163.58069903254918,163.58069903254918,0,0,0,0,0,0,0,0,0,0,0,0,0,0,0,0,0,0,0,0,0,0,0,0,1,1,1,6000,60,60,60.0,0.0,6000,0.006174940051454486,100,10.0,0.0,0,0.0,38.5,0
2025-05-18T06:15:05.923687,1,0.9999986886978149,0.9234716892242432,0,1,0.9234716892242432,108.28702294490955,108.28702294490955,0,0,0,0,0,0,0,0,0,0,0,0,0,0,0,0,0,0,0,0,0,0,0,0,1,1,1,5400,54,54,54.0,0.0,5400,0.00932799686085094,100,10.0,0.0,0,0.0,38.5,0
2025-05-18T06:15:05.986625,1,0.9999980926513672,0.5027151107788086,0,1,0.5027151107788086,198.91982129814943,198.91982129814943,0,0,0,0,0,0,0,0,0,0,0,0,0,0,0,0,0,0,0,0,0,0,0,0,1,1,1,6000,60,60,60.0,0.0,6000,0.005077930411907157,100,10.0,0.0,0,0.0,38.5,0
2025-05-18T06:15:06.486136,1,0.9999980926513672,0.5237581729888916,0,1,0.5237581729888916,190.9278082083903,190.9278082083903,0,0,0,0,0,0,0,0,0,0,0,0,0,0,0,0,0,0,0,0,0,0,0,0,1,1,1,5400,54,54,54.0,0.0,5400,0.00529048659584739,100,10.0,0.0,0,0.0,38.5,0
2025-05-18T06:15:06.655627,1,0.9999984502792358,0.7358934879302979,0,1,0.7358934879302979,135.88923076524327,135.88923076524327,0,0,0,0,0,0,0,0,0,0,0,0,0,0,0,0,0,0,0,0,0,0,0,0,1,1,1,6000,60,60,60.0,0.0,6000,0.007433267554851493,100,10.0,0.0,0,0.0,38.5,0
2025-05-18T06:15:07.751923,1,0.999998927116394,1.3048734664916992,0,1,1.3048734664916992,76.63578313754925,76.63578313754925,0,0,0,0,0,0,0,0,0,0,0,0,0,0,0,0,0,0,0,0,0,0,0,0,1,1,1,5400,54,54,54.0,0.0,5400,0.01318054006557272,100,10.0,0.0,0,0.0,38.5,0
2025-05-18T06:15:07.832031,1,0.9999988079071045,1.0935676097869873,0,1,1.0935676097869873,91.4438203043328,91.4438203043328,0,0,0,0,0,0,0,0,0,0,0,0,0,0,0,0,0,0,0,0,0,0,0,0,1,1,1,6000,60,60,60.0,0.0,6000,0.011046137472595832,100,10.0,0.0,0,0.0,38.5,0
2025-05-18T06:15:08.272717,1,0.9999980926513672,0.5046849250793457,0,1,0.5046849250793457,198.14342579041403,198.14342579041403,0,0,0,0,0,0,0,0,0,0,0,0,0,0,0,0,0,0,0,0,0,0,0,0,1,1,1,5400,54,54,54.0,0.0,5400,0.005097827526053997,100,10.0,0.0,0,0.0,38.5,0
2025-05-18T06:15:14.056364,1,0.9999990463256836,6.284018278121948,0,1,6.284018278121948,15.913384648824758,15.913384648824758,0,0,0,0,0,0,0,0,0,0,0,0,0,0,0,0,0,0,0,0,0,0,0,0,1,1,1,6000,60,60,60.0,0.0,6000,0.06347493210224191,100,10.0,0.0,0,0.0,38.5,0
2025-05-18T06:15:14.151481,1,0.9999990463256836,5.877118349075317,0,1,5.877118349075317,17.015141445251583,17.015141445251583,0,0,0,0,0,0,0,0,0,0,0,0,0,0,0,0,0,0,0,0,0,0,0,0,1,1,1,5400,54,54,54.0,0.0,5400,0.05936483180884159,100,10.0,0.0,0,0.0,38.5,0
2025-05-18T06:15:14.223797,1,0.9999971389770508,0.10811567306518555,0,1,0.10811567306518555,924.9352768650627,924.9352768650627,0,0,0,0,0,0,0,0,0,0,0,0,0,0,0,0,0,0,0,0,0,0,0,0,1,1,1,6000,60,60,60.0,0.0,6000,0.0010920775057089449,100,10.0,0.0,0,0.0,38.5,0
2025-05-18T06:15:14.310693,1,0.9999971389770508,0.08655714988708496,0,1,0.08655714988708496,1155.3060623004735,1155.3060623004735,0,0,0,0,0,0,0,0,0,0,0,0,0,0,0,0,0,0,0,0,0,0,0,0,1,1,1,5400,54,54,54.0,0.0,5400,0.0008743146453240906,100,10.0,0.0,0,0.0,38.5,0
2025-05-18T06:15:14.405258,1,0.9999974966049194,0.24110889434814453,0,1,0.24110889434814453,414.75035697192874,414.75035697192874,0,0,0,0,0,0,0,0,0,0,0,0,0,0,0,0,0,0,0,0,0,0,0,0,1,1,1,6000,60,60,60.0,0.0,6000,0.0024354433772539852,100,10.0,0.0,0,0.0,38.5,0
2025-05-18T06:15:14.476967,1,0.9999973773956299,0.17144465446472168,0,1,0.17144465446472168,583.2786114692021,583.2786114692021,0,0,0,0,0,0,0,0,0,0,0,0,0,0,0,0,0,0,0,0,0,0,0,0,1,1,1,5400,54,54,54.0,0.0,5400,0.0017317641865123403,100,10.0,0.0,0,0.0,38.5,0
2025-05-18T06:15:14.578442,1,0.9999973773956299,0.15741682052612305,0,1,0.15741682052612305,635.2561287019844,635.2561287019844,0,0,0,0,0,0,0,0,0,0,0,0,0,0,0,0,0,0,0,0,0,0,0,0,1,1,1,5400,54,54,54.0,0.0,5400,0.0015900688942032631,100,10.0,0.0,0,0.0,38.5,0
2025-05-18T06:15:14.646646,1,0.9999973773956299,0.17633724212646484,0,1,0.17633724212646484,567.0951796347274,567.0951796347274,0,0,0,0,0,0,0,0,0,0,0,0,0,0,0,0,0,0,0,0,0,0,0,0,1,1,1,6000,60,60,60.0,0.0,6000,0.0017811842639036853,100,10.0,0.0,0,0.0,38.5,0
2025-05-18T06:15:14.733549,1,0.9999973773956299,0.15963315963745117,0,1,0.15963315963745117,626.4362631618251,626.4362631618251,0,0,0,0,0,0,0,0,0,0,0,0,0,0,0,0,0,0,0,0,0,0,0,0,1,1,1,5400,54,54,54.0,0.0,5400,0.0016124561579540521,100,10.0,0.0,0,0.0,38.5,0
2025-05-18T06:15:14.824716,1,0.999997615814209,0.2422046661376953,0,1,0.2422046661376953,412.87396149151476,412.87396149151476,0,0,0,0,0,0,0,0,0,0,0,0,0,0,0,0,0,0,0,0,0,0,0,0,1,1,1,6000,60,60,60.0,0.0,6000,0.0024465117791686395,100,10.0,0.0,0,0.0,38.5,0
2025-05-18T06:15:14.884816,1,0.9999971389770508,0.09259986877441406,0,1,0.09259986877441406,1079.915137283981,1079.915137283981,0,0,0,0,0,0,0,0,0,0,0,0,0,0,0,0,0,0,0,0,0,0,0,0,1,1,1,5400,54,54,54.0,0.0,5400,0.0009353522098425663,100,10.0,0.0,0,0.0,38.5,0
2025-05-18T06:15:14.976061,1,0.9999973773956299,0.1504054069519043,0,1,0.1504054069519043,664.8697146371697,664.8697146371697,0,0,0,0,0,0,0,0,0,0,0,0,0,0,0,0,0,0,0,0,0,0,0,0,1,1,1,5400,54,54,54.0,0.0,5400,0.0015192465348677201,100,10.0,0.0,0,0.0,38.5,0
2025-05-18T06:15:15.069661,1,0.9999971389770508,0.09137105941772461,0,1,0.09137105941772461,1094.4384429518993,1094.4384429518993,0,0,0,0,0,0,0,0,0,0,0,0,0,0,0,0,0,0,0,0,0,0,0,0,1,1,1,5400,54,54,54.0,0.0,5400,0.0009229399941184304,100,10.0,0.0,0,0.0,38.5,0
2025-05-18T06:15:15.130378,1,0.999997615814209,0.2442607879638672,0,1,0.2442607879638672,409.3984991761867,409.3984991761867,0,0,0,0,0,0,0,0,0,0,0,0,0,0,0,0,0,0,0,0,0,0,0,0,1,1,1,6000,60,60,60.0,0.0,6000,0.002467280686503709,100,10.0,0.0,0,0.0,38.5,0
2025-05-18T06:15:15.220526,1,0.9999971389770508,0.08917713165283203,0,1,0.08917713165283203,1121.36371900031,1121.36371900031,0,0,0,0,0,0,0,0,0,0,0,0,0,0,0,0,0,0,0,0,0,0,0,0,1,1,1,5400,54,54,54.0,0.0,5400,0.000900779107604364,100,10.0,0.0,0,0.0,38.5,0
2025-05-18T06:15:15.319292,1,0.9999973773956299,0.15667247772216797,0,1,0.15667247772216797,638.2741975736991,638.2741975736991,0,0,0,0,0,0,0,0,0,0,0,0,0,0,0,0,0,0,0,0,0,0,0,0,1,1,1,5400,54,54,54.0,0.0,5400,0.0015825502800218987,100,10.0,0.0,0,0.0,38.5,0
2025-05-18T06:15:15.393583,1,0.999997615814209,0.25887441635131836,0,1,0.25887441635131836,386.28768887030554,386.28768887030554,0,0,0,0,0,0,0,0,0,0,0,0,0,0,0,0,0,0,0,0,0,0,0,0,1,1,1,6000,60,60,60.0,0.0,6000,0.002614893094457761,100,10.0,0.0,0,0.0,38.5,0
2025-05-18T06:15:15.464628,1,0.9999969005584717,0.029410123825073242,0,1,0.029410123825073242,3400.1896964046855,3400.1896964046855,0,0,0,0,0,0,0,0,0,0,0,0,0,0,0,0,0,0,0,0,0,0,0,0,1,1,1,5400,54,54,54.0,0.0,5400,0.00029707195782902263,100,10.0,0.0,0,0.0,38.5,0
2025-05-18T06:15:15.560786,1,0.9999974966049194,0.2121720314025879,0,1,0.2121720314025879,471.3156552206168,471.3156552206168,0,0,0,0,0,0,0,0,0,0,0,0,0,0,0,0,0,0,0,0,0,0,0,0,1,1,1,5400,54,54,54.0,0.0,5400,0.002143151832349373,100,10.0,0.0,0,0.0,38.5,0
2025-05-18T06:15:15.648286,1,0.999997615814209,0.2521018981933594,0,1,0.2521018981933594,396.6650021940775,396.6650021940775,0,0,0,0,0,0,0,0,0,0,0,0,0,0,0,0,0,0,0,0,0,0,0,0,1,1,1,6000,60,60,60.0,0.0,6000,0.002546483820134943,100,10.0,0.0,0,0.0,38.5,0
2025-05-18T06:15:15.732461,1,0.9999971389770508,0.10667276382446289,0,1,0.10667276382446289,937.4464147620346,937.4464147620346,0,0,0,0,0,0,0,0,0,0,0,0,0,0,0,0,0,0,0,0,0,0,0,0,1,1,1,5400,54,54,54.0,0.0,5400,0.0010775026648935646,100,10.0,0.0,0,0.0,38.5,0
2025-05-18T06:15:15.824251,1,0.9999973773956299,0.15948128700256348,0,1,0.15948128700256348,627.0328129368094,627.0328129368094,0,0,0,0,0,0,0,0,0,0,0,0,0,0,0,0,0,0,0,0,0,0,0,0,1,1,1,5400,54,54,54.0,0.0,5400,0.0016109220909349847,100,10.0,0.0,0,0.0,38.5,0
2025-05-18T06:15:15.924851,1,0.9999969005584717,0.02506422996520996,0,1,0.02506422996520996,3989.749541031324,3989.749541031324,0,0,0,0,0,0,0,0,0,0,0,0,0,0,0,0,0,0,0,0,0,0,0,0,1,1,1,5400,54,54,54.0,0.0,5400,0.0002531740400526259,100,10.0,0.0,0,0.0,38.5,0
2025-05-18T06:15:15.991479,1,0.9999977350234985,0.33209896087646484,0,1,0.33209896087646484,301.1150644256255,301.1150644256255,0,0,0,0,0,0,0,0,0,0,0,0,0,0,0,0,0,0,0,0,0,0,0,0,1,1,1,6000,60,60,60.0,0.0,6000,0.0033545349583481297,100,10.0,0.0,0,0.0,38.5,0
2025-05-18T06:15:16.090486,1,0.9999973773956299,0.16706037521362305,0,1,0.16706037521362305,598.5859894791224,598.5859894791224,0,0,0,0,0,0,0,0,0,0,0,0,0,0,0,0,0,0,0,0,0,0,0,0,1,1,1,5400,54,54,54.0,0.0,5400,0.0016874785375113439,100,10.0,0.0,0,0.0,38.5,0
2025-05-18T06:15:16.184810,1,0.9999973773956299,0.16240310668945312,0,1,0.16240310668945312,615.7517675522045,615.7517675522045,0,0,0,0,0,0,0,0,0,0,0,0,0,0,0,0,0,0,0,0,0,0,0,0,1,1,1,5400,54,54,54.0,0.0,5400,0.001640435421105587,100,10.0,0.0,0,0.0,38.5,0
2025-05-18T06:15:16.261420,1,0.999997615814209,0.27997469902038574,0,1,0.27997469902038574,357.1751317168796,357.1751317168796,0,0,0,0,0,0,0,0,0,0,0,0,0,0,0,0,0,0,0,0,0,0,0,0,1,1,1,6000,60,60,60.0,0.0,6000,0.002828027262832179,100,10.0,0.0,0,0.0,38.5,0
2025-05-18T06:15:16.348019,1,0.9999971389770508,0.10425853729248047,0,1,0.10425853729248047,959.154066390421,959.154066390421,0,0,0,0,0,0,0,0,0,0,0,0,0,0,0,0,0,0,0,0,0,0,0,0,1,1,1,5400,54,54,54.0,0.0,5400,0.0010531165383078835,100,10.0,0.0,0,0.0,38.5,0
2025-05-18T06:15:16.456127,1,0.9999973773956299,0.15554141998291016,0,1,0.15554141998291016,642.9155655836711,642.9155655836711,0,0,0,0,0,0,0,0,0,0,0,0,0,0,0,0,0,0,0,0,0,0,0,0,1,1,1,5400,54,54,54.0,0.0,5400,0.0015711254543728298,100,10.0,0.0,0,0.0,38.5,0
2025-05-18T06:15:16.523449,1,0.999997615814209,0.2444906234741211,0,1,0.2444906234741211,409.0136406011694,409.0136406011694,0,0,0,0,0,0,0,0,0,0,0,0,0,0,0,0,0,0,0,0,0,0,0,0,1,1,1,6000,60,60,60.0,0.0,6000,0.0024696022573143543,100,10.0,0.0,0,0.0,38.5,0
2025-05-18T06:15:16.627805,1,0.9999973773956299,0.17582464218139648,0,1,0.17582464218139648,568.748491447695,568.748491447695,0,0,0,0,0,0,0,0,0,0,0,0,0,0,0,0,0,0,0,0,0,0,0,0,1,1,1,5400,54,54,54.0,0.0,5400,0.0017760064866807726,100,10.0,0.0,0,0.0,38.5,0
2025-05-18T06:15:16.718372,1,0.9999971389770508,0.10091114044189453,0,1,0.10091114044189453,990.970863693497,990.970863693497,0,0,0,0,0,0,0,0,0,0,0,0,0,0,0,0,0,0,0,0,0,0,0,0,1,1,1,5400,54,54,54.0,0.0,5400,0.0010193044489080255,100,10.0,0.0,0,0.0,38.5,0
2025-05-18T06:15:16.800972,1,0.999997615814209,0.28635644912719727,0,1,0.28635644912719727,349.2151139071458,349.2151139071458,0,0,0,0,0,0,0,0,0,0,0,0,0,0,0,0,0,0,0,0,0,0,0,0,1,1,1,6000,60,60,60.0,0.0,6000,0.002892489385123205,100,10.0,0.0,0,0.0,38.5,0
2025-05-18T06:15:16.888972,1,0.9999969005584717,0.02430891990661621,0,1,0.02430891990661621,4113.7162977275175,4113.7162977275175,0,0,0,0,0,0,0,0,0,0,0,0,0,0,0,0,0,0,0,0,0,0,0,0,1,1,1,5400,54,54,54.0,0.0,5400,0.0002455446455213759,100,10.0,0.0,0,0.0,38.5,0
2025-05-18T06:15:17.173012,1,0.9999979734420776,0.43900609016418457,0,1,0.43900609016418457,227.7872727519585,227.7872727519585,0,0,0,0,0,0,0,0,0,0,0,0,0,0,0,0,0,0,0,0,0,0,0,0,1,1,1,5400,54,54,54.0,0.0,5400,0.0044344049511533794,100,10.0,0.0,0,0.0,38.5,0
2025-05-18T06:15:17.320313,1,0.9999982118606567,0.6179072856903076,0,1,0.6179072856903076,161.83657696847348,161.83657696847348,0,0,0,0,0,0,0,0,0,0,0,0,0,0,0,0,0,0,0,0,0,0,0,0,1,1,1,6000,60,60,60.0,0.0,6000,0.006241487734245531,100,10.0,0.0,0,0.0,38.5,0
2025-05-18T06:15:17.973100,1,0.9999984502792358,0.798804759979248,0,1,0.798804759979248,125.18703569392585,125.18703569392585,0,0,0,0,0,0,0,0,0,0,0,0,0,0,0,0,0,0,0,0,0,0,0,0,1,1,1,5400,54,54,54.0,0.0,5400,0.008068734949285334,100,10.0,0.0,0,0.0,38.5,0
2025-05-18T06:15:18.039987,1,0.9999983310699463,0.6339032649993896,0,1,0.6339032649993896,157.7527763642238,157.7527763642238,0,0,0,0,0,0,0,0,0,0,0,0,0,0,0,0,0,0,0,0,0,0,0,0,1,1,1,6000,60,60,60.0,0.0,6000,0.006403063282822118,100,10.0,0.0,0,0.0,38.5,0
2025-05-18T06:15:18.123645,1,0.9999971389770508,0.08776640892028809,0,1,0.08776640892028809,1139.3880783116329,1139.3880783116329,0,0,0,0,0,0,0,0,0,0,0,0,0,0,0,0,0,0,0,0,0,0,0,0,1,1,1,5400,54,54,54.0,0.0,5400,0.0008865293830332129,100,10.0,0.0,0,0.0,38.5,0
2025-05-18T06:15:18.212460,1,0.9999971389770508,0.08387422561645508,0,1,0.08387422561645508,1192.261380239572,1192.261380239572,0,0,0,0,0,0,0,0,0,0,0,0,0,0,0,0,0,0,0,0,0,0,0,0,1,1,1,5400,54,54,54.0,0.0,5400,0.0008472144001662129,100,10.0,0.0,0,0.0,38.5,0
2025-05-18T06:15:18.294093,1,0.999997615814209,0.253922700881958,0,1,0.253922700881958,393.8206377478923,393.8206377478923,0,0,0,0,0,0,0,0,0,0,0,0,0,0,0,0,0,0,0,0,0,0,0,0,1,1,1,6000,60,60,60.0,0.0,6000,0.0025648757664844244,100,10.0,0.0,0,0.0,38.5,0
2025-05-18T06:15:18.364081,1,0.9999973773956299,0.15254521369934082,0,1,0.15254521369934082,655.5433472799424,655.5433472799424,0,0,0,0,0,0,0,0,0,0,0,0,0,0,0,0,0,0,0,0,0,0,0,0,1,1,1,5400,54,54,54.0,0.0,5400,0.0015408607444377862,100,10.0,0.0,0,0.0,38.5,0
2025-05-18T06:15:18.463206,1,0.9999973773956299,0.16117382049560547,0,1,0.16117382049560547,620.4481577250108,620.4481577250108,0,0,0,0,0,0,0,0,0,0,0,0,0,0,0,0,0,0,0,0,0,0,0,0,1,1,1,5400,54,54,54.0,0.0,5400,0.0016280183888444997,100,10.0,0.0,0,0.0,38.5,0
2025-05-18T06:15:18.530738,1,0.9999974966049194,0.24070382118225098,0,1,0.24070382118225098,415.4483277782455,415.4483277782455,0,0,0,0,0,0,0,0,0,0,0,0,0,0,0,0,0,0,0,0,0,0,0,0,1,1,1,6000,60,60,60.0,0.0,6000,0.002431351729113646,100,10.0,0.0,0,0.0,38.5,0
2025-05-18T06:15:18.615309,1,0.9999971389770508,0.08662796020507812,0,1,0.08662796020507812,1154.3617068122771,1154.3617068122771,0,0,0,0,0,0,0,0,0,0,0,0,0,0,0,0,0,0,0,0,0,0,0,0,1,1,1,5400,54,54,54.0,0.0,5400,0.0008750299010613952,100,10.0,0.0,0,0.0,38.5,0
2025-05-18T06:15:18.706679,1,0.9999973773956299,0.1538867950439453,0,1,0.1538867950439453,649.8283362873539,649.8283362873539,0,0,0,0,0,0,0,0,0,0,0,0,0,0,0,0,0,0,0,0,0,0,0,0,1,1,1,5400,54,54,54.0,0.0,5400,0.0015544120711509628,100,10.0,0.0,0,0.0,38.5,0
2025-05-18T06:15:18.775305,1,0.9999974966049194,0.2408585548400879,0,1,0.2408585548400879,415.18143321250324,415.18143321250324,0,0,0,0,0,0,0,0,0,0,0,0,0,0,0,0,0,0,0,0,0,0,0,0,1,1,1,6000,60,60,60.0,0.0,6000,0.0024329146953544233,100,10.0,0.0,0,0.0,38.5,0
2025-05-18T06:15:18.862917,1,0.9999973773956299,0.15494298934936523,0,1,0.15494298934936523,645.3986748281985,645.3986748281985,0,0,0,0,0,0,0,0,0,0,0,0,0,0,0,0,0,0,0,0,0,0,0,0,1,1,1,5400,54,54,54.0,0.0,5400,0.0015650807004986386,100,10.0,0.0,0,0.0,38.5,0
2025-05-18T06:15:18.968420,1,0.999997615814209,0.27419209480285645,0,1,0.27419209480285645,364.7078157811216,364.7078157811216,0,0,0,0,0,0,0,0,0,0,0,0,0,0,0,0,0,0,0,0,0,0,0,0,1,1,1,6000,60,60,60.0,0.0,6000,0.002769617119220772,100,10.0,0.0,0,0.0,38.5,0
2025-05-18T06:15:19.028663,1,0.9999972581863403,0.12780380249023438,0,1,0.12780380249023438,782.4493328955616,782.4493328955616,0,0,0,0,0,0,0,0,0,0,0,0,0,0,0,0,0,0,0,0,0,0,0,0,1,1,1,5400,54,54,54.0,0.0,5400,0.0012909474999013573,100,10.0,0.0,0,0.0,38.5,0
2025-05-18T06:15:39.693749,1,1.0,30.28665280342102,0,6,30.28665280342102,3.3017844741398603,3.3017844741398603,0,1,97,0,1,3,0,0,3,97,1,0,0,0,0,0,0,0,0,0,1,0,0,0,0,1,1,6057,60,117,60.57,5.671428391507734,6057,0.3059257858931416,100,10.0,80.61017305526642,0,32.16510000000001,38.5,0
2025-05-18T06:15:39.796123,1,1.0,0.10204434394836426,0,6,0.10204434394836426,979.9661218910994,979.9661218910994,0,0,100,0,0,0,0,0,0,100,0,0,0,0,0,0,0,0,0,0,1,0,0,0,0,1,1,6000,60,60,60.0,0.0,6000,0.0010307509489733764,100,10.0,0.0,0,0.0,38.5,0
2025-05-18T06:15:39.895962,1,1.0,0.10726332664489746,0,6,0.10726332664489746,932.2850887429289,932.2850887429289,0,0,100,0,0,0,0,0,0,100,0,0,0,0,0,0,0,0,0,0,1,0,0,0,0,1,1,6000,60,60,60.0,0.0,6000,0.001083467945908055,100,10.0,0.0,0,0.0,38.5,0
2025-05-18T06:15:39.995936,1,1.0,0.09405207633972168,0,6,0.09405207633972168,1063.2407480170248,1063.2407480170248,0,0,100,0,0,0,0,0,0,100,0,0,0,0,0,0,0,0,0,0,1,0,0,0,0,1,1,6000,60,60,60.0,0.0,6000,0.0009500209731285018,100,10.0,0.0,0,0.0,38.5,0
2025-05-18T06:15:40.103855,1,1.0,0.10454273223876953,0,6,0.10454273223876953,956.5466470840441,956.5466470840441,0,0,100,0,0,0,0,0,0,100,0,0,0,0,0,0,0,0,0,0,1,0,0,0,0,1,1,6000,60,60,60.0,0.0,6000,0.0010559871943310053,100,10.0,0.0,0,0.0,38.5,0
2025-05-18T06:15:40.209781,1,1.0,0.10437297821044922,0,6,0.10437297821044922,958.1023911990717,958.1023911990717,0,0,100,0,0,0,0,0,0,100,0,0,0,0,0,0,0,0,0,0,1,0,0,0,0,1,1,6000,60,60,60.0,0.0,6000,0.0010542725071762547,100,10.0,0.0,0,0.0,38.5,0
2025-05-18T06:15:40.315359,1,1.0,0.10718202590942383,0,6,0.10718202590942383,932.9922545456163,932.9922545456163,0,0,100,0,0,0,0,0,0,100,0,0,0,0,0,0,0,0,0,0,1,0,0,0,0,1,1,6000,60,60,60.0,0.0,6000,0.0010826467263578164,100,10.0,0.0,0,0.0,38.5,0
2025-05-18T06:15:40.416376,1,1.0,0.09894704818725586,0,6,0.09894704818725586,1010.6415687181637,1010.6415687181637,0,0,100,0,0,0,0,0,0,100,0,0,0,0,0,0,0,0,0,0,1,0,0,0,0,1,1,6000,60,60,60.0,0.0,6000,0.0009994651332046046,100,10.0,0.0,0,0.0,38.5,0
2025-05-18T06:15:40.526901,1,1.0,0.10988068580627441,0,6,0.10988068580627441,910.0780475315325,910.0780475315325,0,0,100,0,0,0,0,0,0,100,0,0,0,0,0,0,0,0,0,0,1,0,0,0,0,1,1,6000,60,60,60.0,0.0,6000,0.0011099059172350952,100,10.0,0.0,0,0.0,38.5,0
2025-05-18T06:15:40.632522,1,1.0,0.10797309875488281,0,6,0.10797309875488281,926.1566182055857,926.1566182055857,0,0,100,0,0,0,0,0,0,100,0,0,0,0,0,0,0,0,0,0,1,0,0,0,0,1,1,6000,60,60,60.0,0.0,6000,0.0010906373611604325,100,10.0,0.0,0,0.0,38.5,0
2025-05-18T06:15:40.737067,1,1.0,0.10093140602111816,0,6,0.10093140602111816,990.7718909521257,990.7718909521257,0,0,100,0,0,0,0,0,0,100,0,0,0,0,0,0,0,0,0,0,1,0,0,0,0,1,1,6000,60,60,60.0,0.0,6000,0.0010195091517284662,100,10.0,0.0,0,0.0,38.5,0
2025-05-18T06:15:40.846376,1,1.0,0.10800600051879883,0,6,0.10800600051879883,925.8744840069755,925.8744840069755,0,0,100,0,0,0,0,0,0,100,0,0,0,0,0,0,0,0,0,0,1,0,0,0,0,1,1,6000,60,60,60.0,0.0,6000,0.0010909697022100891,100,10.0,0.0,0,0.0,38.5,0
2025-05-18T06:15:40.953799,1,1.0,0.10662651062011719,0,6,0.10662651062011719,937.8530669194855,937.8530669194855,0,0,100,0,0,0,0,0,0,100,0,0,0,0,0,0,0,0,0,0,1,0,0,0,0,1,1,6000,60,60,60.0,0.0,6000,0.0010770354608092645,100,10.0,0.0,0,0.0,38.5,0
2025-05-18T06:15:41.051362,1,1.0,0.1052560806274414,0,6,0.1052560806274414,950.0638766320253,950.0638766320253,0,0,100,0,0,0,0,0,0,100,0,0,0,0,0,0,0,0,0,0,1,0,0,0,0,1,1,6000,60,60,60.0,0.0,6000,0.0010631927336105193,100,10.0,0.0,0,0.0,38.5,0
2025-05-18T06:15:41.146953,1,1.0,0.09572601318359375,0,6,0.09572601318359375,1044.6481230573045,1044.6481230573045,0,0,100,0,0,0,0,0,0,100,0,0,0,0,0,0,0,0,0,0,1,0,0,0,0,1,1,6000,60,60,60.0,0.0,6000,0.0009669294260969066,100,10.0,0.0,0,0.0,38.5,0
2025-05-18T06:15:41.244789,1,1.0,0.09810113906860352,0,6,0.09810113906860352,1019.3561557941604,1019.3561557941604,0,0,100,0,0,0,0,0,0,100,0,0,0,0,0,0,0,0,0,0,1,0,0,0,0,1,1,6000,60,60,60.0,0.0,6000,0.0009909205966525609,100,10.0,0.0,0,0.0,38.5,0
2025-05-18T06:15:41.349387,1,1.0,0.09986042976379395,0,6,0.09986042976379395,1001.3976530697513,1001.3976530697513,0,0,100,0,0,0,0,0,0,100,0,0,0,0,0,0,0,0,0,0,1,0,0,0,0,1,1,6000,60,60,60.0,0.0,6000,0.0010086912097352924,100,10.0,0.0,0,0.0,38.5,0
2025-05-18T06:15:41.446699,1,1.0,0.10029053688049316,0,6,0.10029053688049316,997.1030479093021,997.1030479093021,0,0,100,0,0,0,0,0,0,100,0,0,0,0,0,0,0,0,0,0,1,0,0,0,0,1,1,6000,60,60,60.0,0.0,6000,0.0010130357260655874,100,10.0,0.0,0,0.0,38.5,0
2025-05-18T06:15:41.544798,1,1.0,0.09550952911376953,0,6,0.09550952911376953,1047.0159462401023,1047.0159462401023,0,0,100,0,0,0,0,0,0,100,0,0,0,0,0,0,0,0,0,0,1,0,0,0,0,1,1,6000,60,60,60.0,0.0,6000,0.0009647427183209044,100,10.0,0.0,0,0.0,38.5,0
2025-05-18T06:15:41.641210,1,1.0,0.0993340015411377,0,6,0.0993340015411377,1006.7046373701808,1006.7046373701808,0,0,100,0,0,0,0,0,0,100,0,0,0,0,0,0,0,0,0,0,1,0,0,0,0,1,1,6000,60,60,60.0,0.0,6000,0.0010033737529407847,100,10.0,0.0,0,0.0,38.5,0
2025-05-18T06:15:41.759888,1,1.0,0.09615135192871094,0,6,0.09615135192871094,1040.0269782388764,1040.0269782388764,0,0,100,0,0,0,0,0,0,100,0,0,0,0,0,0,0,0,0,0,1,0,0,0,0,1,1,6000,60,60,60.0,0.0,6000,0.0009712257770576862,100,10.0,0.0,0,0.0,38.5,0
2025-05-18T06:15:41.868063,1,1.0,0.12331724166870117,0,6,0.12331724166870117,810.9166134988303,810.9166134988303,0,0,100,0,0,0,0,0,0,100,0,0,0,0,0,0,0,0,0,0,1,0,0,0,0,1,1,6000,60,60,60.0,0.0,6000,0.0012456287037242544,100,10.0,0.0,0,0.0,38.5,0
2025-05-18T06:15:41.975745,1,1.0,0.11013269424438477,0,6,0.11013269424438477,907.995583746455,907.995583746455,0,0,100,0,0,0,0,0,0,100,0,0,0,0,0,0,0,0,0,0,1,0,0,0,0,1,1,6000,60,60,60.0,0.0,6000,0.0011124514570139876,100,10.0,0.0,0,0.0,38.5,0
2025-05-18T06:15:42.080131,1,1.0,0.09957695007324219,0,6,0.09957695007324219,1004.2484724270691,1004.2484724270691,0,0,100,0,0,0,0,0,0,100,0,0,0,0,0,0,0,0,0,0,1,0,0,0,0,1,1,6000,60,60,60.0,0.0,6000,0.0010058277785175978,100,10.0,0.0,0,0.0,38.5,0
2025-05-18T06:15:42.187921,1,1.0,0.10233688354492188,0,6,0.10233688354492188,977.1647966600813,977.1647966600813,0,0,100,0,0,0,0,0,0,100,0,0,0,0,0,0,0,0,0,0,1,0,0,0,0,1,1,6000,60,60,60.0,0.0,6000,0.0010337058943931503,100,10.0,0.0,0,0.0,38.5,0
2025-05-18T06:15:42.291507,1,1.0,0.10378026962280273,0,6,0.10378026962280273,963.574293682774,963.574293682774,0,0,100,0,0,0,0,0,0,100,0,0,0,0,0,0,0,0,0,0,1,0,0,0,0,1,1,6000,60,60,60.0,0.0,6000,0.0010482855517454821,100,10.0,0.0,0,0.0,38.5,0
2025-05-18T06:15:42.390587,1,1.0,0.10721588134765625,0,6,0.10721588134765625,932.6976446310397,932.6976446310397,0,0,100,0,0,0,0,0,0,100,0,0,0,0,0,0,0,0,0,0,1,0,0,0,0,1,1,6000,60,60,60.0,0.0,6000,0.0010829887004813763,100,10.0,0.0,0,0.0,38.5,0
2025-05-18T06:15:42.492479,1,1.0,0.09900355339050293,0,6,0.09900355339050293,1010.0647560150367,1010.0647560150367,0,0,100,0,0,0,0,0,0,100,0,0,0,0,0,0,0,0,0,0,1,0,0,0,0,1,1,6000,60,60,60.0,0.0,6000,0.0010000358928333628,100,10.0,0.0,0,0.0,38.5,0
2025-05-18T06:15:42.585849,1,1.0,0.09595823287963867,0,6,0.09595823287963867,1042.1200661899531,1042.1200661899531,0,0,100,0,0,0,0,0,0,100,0,0,0,0,0,0,0,0,0,0,1,0,0,0,0,1,1,6000,60,60,60.0,0.0,6000,0.0009692750795923099,100,10.0,0.0,0,0.0,38.5,0
2025-05-18T06:15:42.684480,1,1.0,0.09594106674194336,0,6,0.09594106674194336,1042.3065262446385,1042.3065262446385,0,0,100,0,0,0,0,0,0,100,0,0,0,0,0,0,0,0,0,0,1,0,0,0,0,1,1,6000,60,60,60.0,0.0,6000,0.0009691016842620541,100,10.0,0.0,0,0.0,38.5,0
2025-05-18T06:15:42.779815,1,1.0,0.09575223922729492,0,6,0.09575223922729492,1044.3619993326927,1044.3619993326927,0,0,100,0,0,0,0,0,0,100,0,0,0,0,0,0,0,0,0,0,1,0,0,0,0,1,1,6000,60,60,60.0,0.0,6000,0.0009671943356292416,100,10.0,0.0,0,0.0,38.5,0
2025-05-18T06:15:42.881666,1,1.0,0.09784269332885742,0,6,0.09784269332885742,1022.0487253339571,1022.0487253339571,0,0,100,0,0,0,0,0,0,100,0,0,0,0,0,0,0,0,0,0,1,0,0,0,0,1,1,6000,60,60,60.0,0.0,6000,0.0009883100336248224,100,10.0,0.0,0,0.0,38.5,0
2025-05-18T06:15:42.981062,1,1.0,0.09984683990478516,0,6,0.09984683990478516,1001.5339503519681,1001.5339503519681,0,0,100,0,0,0,0,0,0,100,0,0,0,0,0,0,0,0,0,0,1,0,0,0,0,1,1,6000,60,60,60.0,0.0,6000,0.0010085539384321733,100,10.0,0.0,0,0.0,38.5,0
2025-05-18T06:15:43.081564,1,1.0,0.09684181213378906,0,6,0.09684181213378906,1032.6118212435742,1032.6118212435742,0,0,100,0,0,0,0,0,0,100,0,0,0,0,0,0,0,0,0,0,1,0,0,0,0,1,1,6000,60,60,60.0,0.0,6000,0.000978200122563526,100,10.0,0.0,0,0.0,38.5,0
2025-05-18T06:15:43.177516,1,1.0,0.10174345970153809,0,6,0.10174345970153809,982.8641594589718,982.8641594589718,0,0,100,0,0,0,0,0,0,100,0,0,0,0,0,0,0,0,0,0,1,0,0,0,0,1,1,6000,60,60,60.0,0.0,6000,0.0010277117141569503,100,10.0,0.0,0,0.0,38.5,0
2025-05-18T06:15:43.284165,1,1.0,0.1062464714050293,0,6,0.1062464714050293,941.2077283845342,941.2077283845342,0,0,100,0,0,0,0,0,0,100,0,0,0,0,0,0,0,0,0,0,1,0,0,0,0,1,1,6000,60,60,60.0,0.0,6000,0.0010731966808588819,100,10.0,0.0,0,0.0,38.5,0
2025-05-18T06:15:43.377994,1,1.0,0.09539270401000977,0,6,0.09539270401000977,1048.298200976741,1048.298200976741,0,0,100,0,0,0,0,0,0,100,0,0,0,0,0,0,0,0,0,0,1,0,0,0,0,1,1,6000,60,60,60.0,0.0,6000,0.0009635626667677754,100,10.0,0.0,0,0.0,38.5,0
2025-05-18T06:15:43.477678,1,1.0,0.09362435340881348,0,6,0.09362435340881348,1068.098164196094,1068.098164196094,0,0,100,0,0,0,0,0,0,100,0,0,0,0,0,0,0,0,0,0,1,0,0,0,0,1,1,6000,60,60,60.0,0.0,6000,0.0009457005394829644,100,10.0,0.0,0,0.0,38.5,0
2025-05-18T06:15:43.573404,1,1.0,0.09665751457214355,0,6,0.09665751457214355,1034.5807094528761,1034.5807094528761,0,0,100,0,0,0,0,0,0,100,0,0,0,0,0,0,0,0,0,0,1,0,0,0,0,1,1,6000,60,60,60.0,0.0,6000,0.0009763385310317531,100,10.0,0.0,0,0.0,38.5,0
2025-05-18T06:15:43.668267,1,1.0,0.09792470932006836,0,6,0.09792470932006836,1021.1927172859765,1021.1927172859765,0,0,100,0,0,0,0,0,0,100,0,0,0,0,0,0,0,0,0,0,1,0,0,0,0,1,1,6000,60,60,60.0,0.0,6000,0.0009891384779804884,100,10.0,0.0,0,0.0,38.5,0
2025-05-18T06:15:43.766665,1,1.0,0.09674596786499023,0,6,0.09674596786499023,1033.634808838243,1033.634808838243,0,0,100,0,0,0,0,0,0,100,0,0,0,0,0,0,0,0,0,0,1,0,0,0,0,1,1,6000,60,60,60.0,0.0,6000,0.0009772319986362649,100,10.0,0.0,0,0.0,38.5,0
2025-05-18T06:15:43.972608,1,1.0,0.10085320472717285,0,6,0.10085320472717285,991.5401327158523,991.5401327158523,0,0,100,0,0,0,0,0,0,100,0,0,0,0,0,0,0,0,0,0,1,0,0,0,0,1,1,6000,60,60,60.0,0.0,6000,0.0010187192396684127,100,10.0,0.0,0,0.0,38.5,0
2025-05-18T06:15:44.086553,1,1.0,0.21239995956420898,0,6,0.21239995956420898,470.8098824744351,470.8098824744351,0,0,100,0,0,0,0,0,0,100,0,0,0,0,0,0,0,0,0,0,1,0,0,0,0,1,1,6000,60,60,60.0,0.0,6000,0.002145454137012212,100,10.0,0.0,0,0.0,38.5,0
2025-05-18T06:15:44.184529,1,1.0,0.10097503662109375,0,6,0.10097503662109375,990.3437854174538,990.3437854174538,0,0,100,0,0,0,0,0,0,100,0,0,0,0,0,0,0,0,0,0,1,0,0,0,0,1,1,6000,60,60,60.0,0.0,6000,0.0010199498648595328,100,10.0,0.0,0,0.0,38.5,0
2025-05-18T06:15:44.284465,1,1.0,0.1003262996673584,0,6,0.1003262996673584,996.7476158450947,996.7476158450947,0,0,100,0,0,0,0,0,0,100,0,0,0,0,0,0,0,0,0,0,1,0,0,0,0,1,1,6000,60,60,60.0,0.0,6000,0.0010133969663369536,100,10.0,0.0,0,0.0,38.5,0
2025-05-18T06:15:44.384355,1,1.0,0.09941267967224121,0,6,0.09941267967224121,1005.9079015845379,1005.9079015845379,0,0,100,0,0,0,0,0,0,100,0,0,0,0,0,0,0,0,0,0,1,0,0,0,0,1,1,6000,60,60,60.0,0.0,6000,0.00100416848153779,100,10.0,0.0,0,0.0,38.5,0
2025-05-18T06:15:44.487450,1,1.0,0.10049748420715332,0,6,0.10049748420715332,995.0497844689538,995.0497844689538,0,0,100,0,0,0,0,0,0,100,0,0,0,0,0,0,0,0,0,0,1,0,0,0,0,1,1,6000,60,60,60.0,0.0,6000,0.0010151261031025587,100,10.0,0.0,0,0.0,38.5,0
2025-05-18T06:15:44.588883,1,1.0,0.1047368049621582,0,6,0.1047368049621582,954.774207940851,954.774207940851,0,0,100,0,0,0,0,0,0,100,0,0,0,0,0,0,0,0,0,0,1,0,0,0,0,1,1,6000,60,60,60.0,0.0,6000,0.0010579475248702849,100,10.0,0.0,0,0.0,38.5,0
2025-05-18T06:15:44.698118,1,1.0,0.10491633415222168,0,6,0.10491633415222168,953.1404314499911,953.1404314499911,0,0,100,0,0,0,0,0,0,100,0,0,0,0,0,0,0,0,0,0,1,0,0,0,0,1,1,6000,60,60,60.0,0.0,6000,0.0010597609510325423,100,10.0,0.0,0,0.0,38.5,0
2025-05-18T06:15:44.807146,1,1.0,0.10408616065979004,0,6,0.10408616065979004,960.7425172195002,960.7425172195002,0,0,100,0,0,0,0,0,0,100,0,0,0,0,0,0,0,0,0,0,1,0,0,0,0,1,1,6000,60,60,60.0,0.0,6000,0.0010513753601998994,100,10.0,0.0,0,0.0,38.5,0
2025-05-18T06:15:44.913114,1,1.0,0.10918664932250977,0,6,0.10918664932250977,915.8628881872295,915.8628881872295,0,0,100,0,0,0,0,0,0,100,0,0,0,0,0,0,0,0,0,0,1,0,0,0,0,1,1,6000,60,60,60.0,0.0,6000,0.0011028954477021189,100,10.0,0.0,0,0.0,38.5,0
2025-05-18T06:15:45.012710,1,1.0,0.10018277168273926,0,6,0.10018277168273926,998.1756176269702,998.1756176269702,0,0,100,0,0,0,0,0,0,100,0,0,0,0,0,0,0,0,0,0,1,0,0,0,0,1,1,6000,60,60,60.0,0.0,6000,0.001011947188714538,100,10.0,0.0,0,0.0,38.5,0
2025-05-18T06:15:45.112446,1,1.0,0.10206317901611328,0,6,0.10206317901611328,979.785275786995,979.785275786995,0,0,100,0,0,0,0,0,0,100,0,0,0,0,0,0,0,0,0,0,1,0,0,0,0,1,1,6000,60,60,60.0,0.0,6000,0.0010309412021829625,100,10.0,0.0,0,0.0,38.5,0
2025-05-18T06:15:45.209624,1,1.0,0.09727621078491211,0,6,0.09727621078491211,1028.0005686190889,1028.0005686190889,0,0,100,0,0,0,0,0,0,100,0,0,0,0,0,0,0,0,0,0,1,0,0,0,0,1,1,6000,60,60,60.0,0.0,6000,0.0009825879877263849,100,10.0,0.0,0,0.0,38.5,0
2025-05-18T06:15:45.313433,1,1.0,0.1022193431854248,0,6,0.1022193431854248,978.2884225601123,978.2884225601123,0,0,100,0,0,0,0,0,0,100,0,0,0,0,0,0,0,0,0,0,1,0,0,0,0,1,1,6000,60,60,60.0,0.0,6000,0.001032518618034594,100,10.0,0.0,0,0.0,38.5,0
2025-05-18T06:15:45.409095,1,1.0,0.09907221794128418,0,6,0.09907221794128418,1009.3647046366285,1009.3647046366285,0,0,100,0,0,0,0,0,0,100,0,0,0,0,0,0,0,0,0,0,1,0,0,0,0,1,1,6000,60,60,60.0,0.0,6000,0.0010007294741543856,100,10.0,0.0,0,0.0,38.5,0
2025-05-18T06:15:45.511340,1,1.0,0.09673786163330078,0,6,0.09673786163330078,1033.721423149344,1033.721423149344,0,0,100,0,0,0,0,0,0,100,0,0,0,0,0,0,0,0,0,0,1,0,0,0,0,1,1,6000,60,60,60.0,0.0,6000,0.0009771501175080887,100,10.0,0.0,0,0.0,38.5,0
2025-05-18T06:15:45.614531,1,1.0,0.10710406303405762,0,6,0.10710406303405762,933.6713955305447,933.6713955305447,0,0,100,0,0,0,0,0,0,100,0,0,0,0,0,0,0,0,0,0,1,0,0,0,0,1,1,6000,60,60,60.0,0.0,6000,0.0010818592225662386,100,10.0,0.0,0,0.0,38.5,0
2025-05-18T06:15:45.721649,1,1.0,0.09882712364196777,0,6,0.09882712364196777,1011.8679600782609,1011.8679600782609,0,0,100,0,0,0,0,0,0,100,0,0,0,0,0,0,0,0,0,0,1,0,0,0,0,1,1,6000,60,60,60.0,0.0,6000,0.0009982537741612906,100,10.0,0.0,0,0.0,38.5,0
2025-05-18T06:15:45.836965,1,1.0,0.10661458969116211,0,6,0.10661458969116211,937.9579313645248,937.9579313645248,0,0,100,0,0,0,0,0,0,100,0,0,0,0,0,0,0,0,0,0,1,0,0,0,0,1,1,6000,60,60,60.0,0.0,6000,0.0010769150473854759,100,10.0,0.0,0,0.0,38.5,0
2025-05-18T06:15:45.944630,1,1.0,0.11734318733215332,0,6,0.11734318733215332,852.2011569102734,852.2011569102734,0,0,100,0,0,0,0,0,0,100,0,0,0,0,0,0,0,0,0,0,1,0,0,0,0,1,1,6000,60,60,60.0,0.0,6000,0.0011852847205268012,100,10.0,0.0,0,0.0,38.5,0
2025-05-18T06:15:46.046708,1,1.0,0.10523271560668945,0,6,0.10523271560668945,950.2748211283753,950.2748211283753,0,0,100,0,0,0,0,0,0,100,0,0,0,0,0,0,0,0,0,0,1,0,0,0,0,1,1,6000,60,60,60.0,0.0,6000,0.0010629567232998934,100,10.0,0.0,0,0.0,38.5,0
2025-05-18T06:15:46.157178,1,1.0,0.10245656967163086,0,6,0.10245656967163086,976.0233074413475,976.0233074413475,0,0,100,0,0,0,0,0,0,100,0,0,0,0,0,0,0,0,0,0,1,0,0,0,0,1,1,6000,60,60,60.0,0.0,6000,0.0010349148451679884,100,10.0,0.0,0,0.0,38.5,0
2025-05-18T06:15:46.273806,1,1.0,0.11234354972839355,0,6,0.11234354972839355,890.1267606530519,890.1267606530519,0,0,100,0,0,0,0,0,0,100,0,0,0,0,0,0,0,0,0,0,1,0,0,0,0,1,1,6000,60,60,60.0,0.0,6000,0.0011347833305898338,100,10.0,0.0,0,0.0,38.5,0
2025-05-18T06:15:46.379138,1,1.0,0.11362528800964355,0,6,0.11362528800964355,880.0857780137186,880.0857780137186,0,0,100,0,0,0,0,0,0,100,0,0,0,0,0,0,0,0,0,0,1,0,0,0,0,1,1,6000,60,60,60.0,0.0,6000,0.0011477301819155915,100,10.0,0.0,0,0.0,38.5,0
2025-05-18T06:15:46.473633,1,1.0,0.10028815269470215,0,6,0.10028815269470215,997.1267523933825,997.1267523933825,0,0,100,0,0,0,0,0,0,100,0,0,0,0,0,0,0,0,0,0,1,0,0,0,0,1,1,6000,60,60,60.0,0.0,6000,0.0010130116433808298,100,10.0,0.0,0,0.0,38.5,0
2025-05-18T06:15:46.582016,1,1.0,0.10170388221740723,0,6,0.10170388221740723,983.2466354257261,983.2466354257261,0,0,100,0,0,0,0,0,0,100,0,0,0,0,0,0,0,0,0,0,1,0,0,0,0,1,1,6000,60,60,60.0,0.0,6000,0.001027311941589972,100,10.0,0.0,0,0.0,38.5,0
2025-05-18T06:15:46.694805,1,1.0,0.11130809783935547,0,6,0.11130809783935547,898.4072312898942,898.4072312898942,0,0,100,0,0,0,0,0,0,100,0,0,0,0,0,0,0,0,0,0,1,0,0,0,0,1,1,6000,60,60,60.0,0.0,6000,0.0011243242205995502,100,10.0,0.0,0,0.0,38.5,0
2025-05-18T06:15:46.808630,1,1.0,0.11429119110107422,0,6,0.11429119110107422,874.9580701417688,874.9580701417688,0,0,100,0,0,0,0,0,0,100,0,0,0,0,0,0,0,0,0,0,1,0,0,0,0,1,1,6000,60,60,60.0,0.0,6000,0.0011544564757684265,100,10.0,0.0,0,0.0,38.5,0
2025-05-18T06:15:46.904861,1,1.0,0.0986626148223877,0,6,0.0986626148223877,1013.555136157904,1013.555136157904,0,0,100,0,0,0,0,0,0,100,0,0,0,0,0,0,0,0,0,0,1,0,0,0,0,1,1,6000,60,60,60.0,0.0,6000,0.000996592068913007,100,10.0,0.0,0,0.0,38.5,0
2025-05-18T06:15:47.008074,1,1.0,0.09688234329223633,0,6,0.09688234329223633,1032.1798235036447,1032.1798235036447,0,0,100,0,0,0,0,0,0,100,0,0,0,0,0,0,0,0,0,0,1,0,0,0,0,1,1,6000,60,60,60.0,0.0,6000,0.0009786095282044074,100,10.0,0.0,0,0.0,38.5,0
2025-05-18T06:15:47.148541,1,1.0,0.11913871765136719,0,6,0.11913871765136719,839.3576997582569,839.3576997582569,0,0,100,0,0,0,0,0,0,100,0,0,0,0,0,0,0,0,0,0,1,0,0,0,0,1,1,6000,60,60,60.0,0.0,6000,0.0012034213904178505,100,10.0,0.0,0,0.0,38.5,0
2025-05-18T06:15:47.274106,1,1.0,0.14173173904418945,0,6,0.14173173904418945,705.5582657376536,705.5582657376536,0,0,100,0,0,0,0,0,0,100,0,0,0,0,0,0,0,0,0,0,1,0,0,0,0,1,1,6000,60,60,60.0,0.0,6000,0.0014316337277190854,100,10.0,0.0,0,0.0,38.5,0
2025-05-18T06:15:47.385703,1,1.0,0.1109015941619873,0,6,0.1109015941619873,901.7002934505703,901.7002934505703,0,0,100,0,0,0,0,0,0,100,0,0,0,0,0,0,0,0,0,0,1,0,0,0,0,1,1,6000,60,60,60.0,0.0,6000,0.0011202181228483566,100,10.0,0.0,0,0.0,38.5,0
2025-05-18T06:15:47.493357,1,1.0,0.10868120193481445,0,6,0.10868120193481445,920.1223230856306,920.1223230856306,0,0,100,0,0,0,0,0,0,100,0,0,0,0,0,0,0,0,0,0,1,0,0,0,0,1,1,6000,60,60,60.0,0.0,6000,0.0010977899185334794,100,10.0,0.0,0,0.0,38.5,0
2025-05-18T06:15:47.593285,1,1.0,0.1072542667388916,0,6,0.1072542667388916,932.3638400647317,932.3638400647317,0,0,100,0,0,0,0,0,0,100,0,0,0,0,0,0,0,0,0,0,1,0,0,0,0,1,1,6000,60,60,60.0,0.0,6000,0.0010833764317059757,100,10.0,0.0,0,0.0,38.5,0
2025-05-18T06:15:47.702299,1,1.0,0.10353541374206543,0,6,0.10353541374206543,965.8530968845781,965.8530968845781,0,0,100,0,0,0,0,0,0,100,0,0,0,0,0,0,0,0,0,0,1,0,0,0,0,1,1,6000,60,60,60.0,0.0,6000,0.0010458122600208628,100,10.0,0.0,0,0.0,38.5,0
2025-05-18T06:15:47.808804,1,1.0,0.1085817813873291,0,6,0.1085817813873291,920.9648130866773,920.9648130866773,0,0,100,0,0,0,0,0,0,100,0,0,0,0,0,0,0,0,0,0,1,0,0,0,0,1,1,6000,60,60,60.0,0.0,6000,0.001096785670579082,100,10.0,0.0,0,0.0,38.5,0
2025-05-18T06:15:47.909640,1,1.0,0.09836220741271973,0,6,0.09836220741271973,1016.650628634311,1016.650628634311,0,0,100,0,0,0,0,0,0,100,0,0,0,0,0,0,0,0,0,0,1,0,0,0,0,1,1,6000,60,60,60.0,0.0,6000,0.0009935576506335327,100,10.0,0.0,0,0.0,38.5,0
2025-05-18T06:15:48.020515,1,1.0,0.10622882843017578,0,6,0.10622882843017578,941.3640485146648,941.3640485146648,0,0,100,0,0,0,0,0,0,100,0,0,0,0,0,0,0,0,0,0,1,0,0,0,0,1,1,6000,60,60,60.0,0.0,6000,0.0010730184689916745,100,10.0,0.0,0,0.0,38.5,0
2025-05-18T06:15:48.127976,1,1.0,0.10976648330688477,0,6,0.10976648330688477,911.024904755492,911.024904755492,0,0,100,0,0,0,0,0,0,100,0,0,0,0,0,0,0,0,0,0,1,0,0,0,0,1,1,6000,60,60,60.0,0.0,6000,0.0011087523566351996,100,10.0,0.0,0,0.0,38.5,0
2025-05-18T06:15:48.231718,1,1.0,0.10652565956115723,0,6,0.10652565956115723,938.7409607409115,938.7409607409115,0,0,100,0,0,0,0,0,0,100,0,0,0,0,0,0,0,0,0,0,1,0,0,0,0,1,1,6000,60,60,60.0,0.0,6000,0.0010760167632440124,100,10.0,0.0,0,0.0,38.5,0
2025-05-18T06:15:48.331352,1,1.0,0.09939956665039062,0,6,0.09939956665039062,1006.0406032927812,1006.0406032927812,0,0,100,0,0,0,0,0,0,100,0,0,0,0,0,0,0,0,0,0,1,0,0,0,0,1,1,6000,60,60,60.0,0.0,6000,0.0010040360267716225,100,10.0,0.0,0,0.0,38.5,0
2025-05-18T06:15:48.442898,1,1.0,0.10847949981689453,0,6,0.10847949981689453,921.8331589728261,921.8331589728261,0,0,100,0,0,0,0,0,0,100,0,0,0,0,0,0,0,0,0,0,1,0,0,0,0,1,1,6000,60,60,60.0,0.0,6000,0.001095752523402975,100,10.0,0.0,0,0.0,38.5,0
2025-05-18T06:15:48.547036,1,1.0,0.10559582710266113,0,6,0.10559582710266113,947.0071189724115,947.0071189724115,0,0,100,0,0,0,0,0,0,100,0,0,0,0,0,0,0,0,0,0,1,0,0,0,0,1,1,6000,60,60,60.0,0.0,6000,0.0010666245161884962,100,10.0,0.0,0,0.0,38.5,0
2025-05-18T06:15:48.647427,1,1.0,0.10123443603515625,0,6,0.10123443603515625,987.8061647448941,987.8061647448941,0,0,100,0,0,0,0,0,0,100,0,0,0,0,0,0,0,0,0,0,1,0,0,0,0,1,1,6000,60,60,60.0,0.0,6000,0.0010225700609611742,100,10.0,0.0,0,0.0,38.5,0
2025-05-18T06:15:48.742872,1,1.0,0.09912371635437012,0,6,0.09912371635437012,1008.8403025820495,1008.8403025820495,0,0,100,0,0,0,0,0,0,100,0,0,0,0,0,0,0,0,0,0,1,0,0,0,0,1,1,6000,60,60,60.0,0.0,6000,0.0010012496601451528,100,10.0,0.0,0,0.0,38.5,0
2025-05-18T06:15:48.835569,1,1.0,0.09389400482177734,0,6,0.09389400482177734,1065.030724696562,1065.030724696562,0,0,100,0,0,0,0,0,0,100,0,0,0,0,0,0,0,0,0,0,1,0,0,0,0,1,1,6000,60,60,60.0,0.0,6000,0.0009484242911290641,100,10.0,0.0,0,0.0,38.5,0
2025-05-18T06:15:48.933061,1,1.0,0.09505391120910645,0,6,0.09505391120910645,1052.034563627927,1052.034563627927,0,0,100,0,0,0,0,0,0,100,0,0,0,0,0,0,0,0,0,0,1,0,0,0,0,1,1,6000,60,60,60.0,0.0,6000,0.0009601405172637014,100,10.0,0.0,0,0.0,38.5,0
2025-05-18T06:15:49.038850,1,1.0,0.09860777854919434,0,6,0.09860777854919434,1014.1187791803981,1014.1187791803981,0,0,100,0,0,0,0,0,0,100,0,0,0,0,0,0,0,0,0,0,1,0,0,0,0,1,1,6000,60,60,60.0,0.0,6000,0.000996038167163579,100,10.0,0.0,0,0.0,38.5,0
2025-05-18T06:15:49.133932,1,1.0,0.10243391990661621,0,6,0.10243391990661621,976.2391216812254,976.2391216812254,0,0,100,0,0,0,0,0,0,100,0,0,0,0,0,0,0,0,0,0,1,0,0,0,0,1,1,6000,60,60,60.0,0.0,6000,0.00103468605966279,100,10.0,0.0,0,0.0,38.5,0
2025-05-18T06:15:49.233647,1,1.0,0.09814262390136719,0,6,0.09814262390136719,1018.9252745117093,1018.9252745117093,0,0,100,0,0,0,0,0,0,100,0,0,0,0,0,0,0,0,0,0,1,0,0,0,0,1,1,6000,60,60,60.0,0.0,6000,0.0009913396353673453,100,10.0,0.0,0,0.0,38.5,0
2025-05-18T06:15:49.333292,1,1.0,0.09673547744750977,0,6,0.09673547744750977,1033.7469007093248,1033.7469007093248,0,0,100,0,0,0,0,0,0,100,0,0,0,0,0,0,0,0,0,0,1,0,0,0,0,1,1,6000,60,60,60.0,0.0,6000,0.0009771260348233309,100,10.0,0.0,0,0.0,38.5,0
2025-05-18T06:15:49.430292,1,1.0,0.09931254386901855,0,6,0.09931254386901855,1006.9221480409174,1006.9221480409174,0,0,100,0,0,0,0,0,0,100,0,0,0,0,0,0,0,0,0,0,1,0,0,0,0,1,1,6000,60,60,60.0,0.0,6000,0.0010031570087779653,100,10.0,0.0,0,0.0,38.5,0
2025-05-18T06:15:49.525696,1,1.0,0.09406685829162598,0,6,0.09406685829162598,1063.0736671355612,1063.0736671355612,0,0,100,0,0,0,0,0,0,100,0,0,0,0,0,0,0,0,0,0,1,0,0,0,0,1,1,6000,60,60,60.0,0.0,6000,0.0009501702857739998,100,10.0,0.0,0,0.0,38.5,0
2025-05-18T06:15:49.632535,1,1.0,0.10305142402648926,0,6,0.10305142402648926,970.3893075198564,970.3893075198564,0,0,100,0,0,0,0,0,0,100,0,0,0,0,0,0,0,0,0,0,1,0,0,0,0,1,1,6000,60,60,60.0,0.0,6000,0.001040923475015043,100,10.0,0.0,0,0.0,38.5,0
2025-05-18T06:15:49.733859,1,1.0,0.09811711311340332,0,6,0.09811711311340332,1019.1901985988973,1019.1901985988973,0,0,100,0,0,0,0,0,0,100,0,0,0,0,0,0,0,0,0,0,1,0,0,0,0,1,1,6000,60,60,60.0,0.0,6000,0.0009910819506404377,100,10.0,0.0,0,0.0,38.5,0
2025-05-18T06:15:49.842638,1,1.0,0.10242104530334473,0,6,0.10242104530334473,976.361837587439,976.361837587439,0,0,100,0,0,0,0,0,0,100,0,0,0,0,0,0,0,0,0,0,1,0,0,0,0,1,1,6000,60,60,60.0,0.0,6000,0.0010345560131650982,100,10.0,0.0,0,0.0,38.5,0
2025-05-18T06:15:49.939720,1,1.0,0.10696887969970703,0,6,0.10696887969970703,934.8513350867026,934.8513350867026,0,0,100,0,0,0,0,0,0,100,0,0,0,0,0,0,0,0,0,0,1,0,0,0,0,1,1,6000,60,60,60.0,0.0,6000,0.001080493734340475,100,10.0,0.0,0,0.0,38.5,0
2025-05-18T06:15:50.045201,1,1.0,0.09637880325317383,0,6,0.09637880325317383,1037.5725431795806,1037.5725431795806,0,0,100,0,0,0,0,0,0,100,0,0,0,0,0,0,0,0,0,0,1,0,0,0,0,1,1,6000,60,60,60.0,0.0,6000,0.000973523265183574,100,10.0,0.0,0,0.0,38.5,0
2025-05-18T06:15:50.644959,1,1.0,0.6291117668151855,0,6,0.6291117668151855,158.95426738914747,158.95426738914747,0,0,100,0,0,0,0,0,0,100,0,0,0,0,0,0,0,0,0,0,1,0,0,0,0,1,1,6000,60,60,60.0,0.0,6000,0.006354664311264501,100,10.0,0.0,0,0.0,38.5,0
2025-05-18T06:15:50.806157,1,1.0,0.1436173915863037,0,6,0.1436173915863037,696.2945009338036,696.2945009338036,0,0,100,0,0,0,0,0,0,100,0,0,0,0,0,0,0,0,0,0,1,0,0,0,0,1,1,6000,60,60,60.0,0.0,6000,0.0014506807230939768,100,10.0,0.0,0,0.0,38.5,0
2025-05-18T06:15:51.521681,1,1.0,0.7295987606048584,0,6,0.7295987606048584,137.0616363398111,137.0616363398111,0,0,100,0,0,0,0,0,0,100,0,0,0,0,0,0,0,0,0,0,1,0,0,0,0,1,1,6000,60,60,60.0,0.0,6000,0.007369684450554125,100,10.0,0.0,0,0.0,38.5,0
2025-05-18T06:15:51.668096,1,1.0,0.14604592323303223,0,6,0.14604592323303223,684.7161343931461,684.7161343931461,0,0,100,0,0,0,0,0,0,100,0,0,0,0,0,0,0,0,0,0,1,0,0,0,0,1,1,6000,60,60,60.0,0.0,6000,0.0014752113457882042,100,10.0,0.0,0,0.0,38.5,0
2025-05-18T06:15:52.848075,1,1.0,1.1865878105163574,0,6,1.1865878105163574,84.27526316529735,84.27526316529735,0,0,100,0,0,0,0,0,0,100,0,0,0,0,0,0,0,0,0,0,1,0,0,0,0,1,1,6000,60,60,60.0,0.0,6000,0.011985735459761187,100,10.0,0.0,0,0.0,38.5,0
2025-05-18T06:15:53.839990,1,1.0,0.8270235061645508,0,6,0.8270235061645508,120.91554744769643,120.91554744769643,0,0,100,0,0,0,0,0,0,100,0,0,0,0,0,0,0,0,0,0,1,0,0,0,0,1,1,6000,60,60,60.0,0.0,6000,0.008353772789540918,100,10.0,0.0,0,0.0,38.5,0
2025-05-18T06:15:54.804804,1,1.0,0.9460082054138184,0,6,0.9460082054138184,105.70732835901393,105.70732835901393,0,0,100,0,0,0,0,0,0,100,0,0,0,0,0,0,0,0,0,0,1,0,0,0,0,1,1,6000,60,60,60.0,0.0,6000,0.009555638438523417,100,10.0,0.0,0,0.0,38.5,0
